page,resource_type,author,url,sugya_id,title
2a,video,NotebookLM,https://youtu.be/St1s-KTDY7Y,1,Bekhorot 2a: How Fractional Ownership Breaks Firstborn Status
2a,video,NotebookLM,https://youtu.be/XXxvDK43-4k,2,Bekhorot 2a: The Redundancy Test
2a,video,NotebookLM,https://youtu.be/IznW_pwmKC0,3,Bekhorot 2a-b: Selling the Unborn
2a,audio,Rabbi Aryeh Lebowitz,https://shiurim.yutorah.net/2019/1109/923226.MP3?redirect=download.yutorah.org,,
2b,video,NotebookLM,https://youtu.be/IznW_pwmKC0,3,Bekhorot 2a-b: Selling the Unborn
2b,video,NotebookLM,https://youtu.be/b-KHIUq1qh0,4,Bekhorot 2b: Trajectory vs. State: Categorizing the Fetus in Talmudic Law
2b,video,NotebookLM,https://youtu.be/8q_v_ddMI2k,5,Bekhorot 2b-3a: Future Fetus Loophole
3a,video,NotebookLM,https://youtu.be/8q_v_ddMI2k,5,Bekhorot 2b-3a: Future Fetus Loophole
3a,video,NotebookLM,https://youtu.be/6mxRl2RYPa0,6,Bekhorot 3a: The Wilderness Audit
3a,video,NotebookLM,https://youtu.be/FXCrZkkH6DI,7,Bekhorot 3a: Partial Ownership Puzzle
3a,video,NotebookLM,https://youtu.be/26a6_6_FDsA,8,Bekhorot 3a-b: Shared Ownership Exemption
3a,audio,Rabbi Aryeh Lebowitz,https://shiurim.yutorah.net/2011/1109/765789.MP3?redirect=download.yutorah.org,,
3b,video,NotebookLM,https://youtu.be/26a6_6_FDsA,8,Bekhorot 3a-b: Shared Ownership Exemption
3b,video,NotebookLM,https://youtu.be/Xl-1Nf3Mnzk,9,Bekhorot 3b: The Convert's Livestock Loophole
3b,video,NotebookLM,https://youtu.be/OIJ7WJEK29c,10,Bekhorot 3b: The Tragedy of Good Intentions
3b,video,NotebookLM,https://youtu.be/tbSmaw3sduk,11,Bekhorot 3b: How an A Fortiori Inference Works
3b,video,NotebookLM,https://youtu.be/FoFRd5i3gug,11,Bekhorot 3b: Ancient Exemption Loophole
4a,video,NotebookLM,https://youtu.be/8KeM_cfBvVs,12,Bekhorot 4a-b: The Wilderness Exemption
4a,audio,Rabbi Aryeh Lebowitz,https://shiurim.yutorah.net/2011/1109/765825.MP3?redirect=download.yutorah.org,,
4b,video,NotebookLM,https://youtu.be/8KeM_cfBvVs,12,Bekhorot 4a-b: The Wilderness Exemption
4b,video,NotebookLM,https://youtu.be/WxNMF2hN_pY,13,Bekhorot 4b: Wilderness Redemption
4b,video,NotebookLM,https://youtu.be/iNOD_S9h95Q,14,"Bekhorot 4b: One Lamb, Many Donkeys"
4b,video,NotebookLM,https://youtu.be/F4nQ4dA-tvo,15,Bekhorot 4b-5a: Wilderness Firstborn Debate
5a,video,NotebookLM,https://youtu.be/F4nQ4dA-tvo,15,Bekhorot 4b-5a: Wilderness Firstborn Debate
5a,video,NotebookLM,https://youtu.be/lfCVc-Q8nSg,16,Bekhorot 5a-b: Tabernacle Ledger Audit
5a,audio,Rabbi Aryeh Lebowitz,https://shiurim.yutorah.net/2019/1109/923254.MP3?redirect=download.yutorah.org,,
5b,video,NotebookLM,https://youtu.be/lfCVc-Q8nSg,16,Bekhorot 5a-b: Tabernacle Ledger Audit
5b,video,NotebookLM,https://youtu.be/PqCYVaPxvGg,17,Bekhorot 5b: Law & Symbolic Geography
5b,video,NotebookLM,https://youtu.be/v7qFJS1E1cs,18,Bekhorot 5b: How Ancient Law Classifies Anomalous Offspring
6a,video,NotebookLM,https://youtu.be/U3Q_rL35MA8,20,Bekhorot 6a: Biological Edge Cases
6a,video,NotebookLM,https://youtu.be/d9_7NO3kLa4,20,Bekhorot 6a: Categorical Edge Cases
6a,video,NotebookLM,https://youtu.be/nYvG-fH5FZw,21,Bekhorot 6a-b: Anatomy of a Torah Law
6a,audio,Rabbi Aryeh Lebowitz,https://shiurim.yutorah.net/2011/1109/765847.MP3?redirect=download.yutorah.org,,
6b,video,NotebookLM,https://youtu.be/nYvG-fH5FZw,21,Bekhorot 6a-b: Anatomy of a Torah Law
6b,video,NotebookLM,https://youtu.be/TusVZBUARWo,22,Bekhorot 6b: The Kosher Milk Paradox
6b,video,NotebookLM,https://youtu.be/vdkEl5Yje9E,23,Bekhorot 6b: The Rule of Repetition
6b,video,NotebookLM,https://youtu.be/Me5a-eBFgF8,24,Bekhorot 6b-7a: Anomalous Offspring Law
7a,video,NotebookLM,https://youtu.be/Me5a-eBFgF8,24,Bekhorot 6b-7a: Anomalous Offspring Law
7a,video,NotebookLM,https://youtu.be/LB2Xq-V56Ls,25,Bekhorot 7a: Logic of Torah Law
7a,video,NotebookLM,https://youtu.be/wyygvmddIxU,26,Bekhorot 7a: How Anomalous Offspring Are Judged Kosher
7a,video,NotebookLM,https://youtu.be/Z7o4j7Rr-c0,27,Bekhorot 7a-b: Animal Secretions
7a,audio,Elisha Graff,https://shiurim.yutorah.net/2019/63830/923319.MP3?redirect=download.yutorah.org,,
7b,video,NotebookLM,https://youtu.be/Z7o4j7Rr-c0,27,Bekhorot 7a-b: Animal Secretions
7b,video,NotebookLM,https://youtu.be/B2voQvHl-dU,28,Bekhorot 7b: Why Fallow Deer Discharges Are Permitted
7b,video,NotebookLM,https://youtu.be/q5UoAVyt0bI,29,Bekhorot 7b: Fetal Sac: Law & Purity
7b,video,NotebookLM,https://youtu.be/eZP8LrTrCqg,30,Bekhorot 7b: How Dietary Law Judges Swallowed Fish
7b,video,NotebookLM,https://youtu.be/_k0XpyZaiEU,31,Bekhorot 7b: A Fish Inside A Fish
7b,video,NotebookLM,https://youtu.be/daGEEHYQez0,32,Bekhorot 7b-8a: How Ancient Law Classified Animal Reproduction
8a,video,NotebookLM,https://youtu.be/daGEEHYQez0,32,Bekhorot 7b-8a: How Ancient Law Classified Animal Reproduction
8a,video,NotebookLM,https://youtu.be/BqwlXIKeEtk,33,Bekhorot 8a: Anatomy & Law: Avian Anomaly
8a,video,NotebookLM,https://youtu.be/eF0LzbUe-5k,34,Bekhorot 8a: Festival Egg Dilemma
8a,video,NotebookLM,https://youtu.be/kwl3LQXN_iw,35,Bekhorot 8a: Biology & Theology of Mating
8a,video,NotebookLM,https://youtu.be/JzAVcSFAUXo,36,Bekhorot 8a-b: Biological Mirrors
8a,audio,Elisha Graff,https://shiurim.yutorah.net/2019/63830/923348.MP3?redirect=download.yutorah.org,,
8b,video,NotebookLM,https://youtu.be/JzAVcSFAUXo,36,Bekhorot 8a-b: Biological Mirrors
8b,video,NotebookLM,https://youtu.be/Y1QJ26y3z_A,37,Bekhorot 8b: The Intellectual Fortress: Rabbi Yehoshua and the Sages of Athens
8b,video,NotebookLM,https://youtu.be/r0rRPX7NcIg,38,Bekhorot 8b: The Intellectual Duel
8b,video,NotebookLM,https://youtu.be/S5-6t2xKKNc,39,Bekhorot 8b-9a: Defeat of Athenian Sages
9a,video,NotebookLM,https://youtu.be/S5-6t2xKKNc,39,Bekhorot 8b-9a: Defeat of Athenian Sages
9a,video,NotebookLM,https://youtu.be/2yei-VsGKUE,40,Bekhorot 9a: Firstborns & Burden of Proof
9a,video,NotebookLM,https://youtu.be/U8n_7vND7B0,41,Bekhorot 9a-b: Twin Donkey Dilemma
9a,audio,Rabbi Ben Sugerman,https://shiurim.yutorah.net/2011/4298/765995.MP3?redirect=download.yutorah.org,,
9b,video,NotebookLM,https://youtu.be/U8n_7vND7B0,41,Bekhorot 9a-b: Twin Donkey Dilemma
9b,video,NotebookLM,https://youtu.be/eRO-X3MO1-w,42,Bekhorot 9b: The Firstborn Donkey Dilemma
9b,video,NotebookLM,https://youtu.be/5wNDqnXtdBM,43,Bekhorot 9b-10b: The Paradox of Intent
10a,video,NotebookLM,https://youtu.be/5wNDqnXtdBM,43,Bekhorot 9b-10b: The Paradox of Intent
10a,audio,Michael Fruchter,https://shiurim.yutorah.net/2011/971/766045.MP3?redirect=download.yutorah.org,,
10b,video,NotebookLM,https://youtu.be/5wNDqnXtdBM,43,Bekhorot 9b-10b: The Paradox of Intent
10b,video,NotebookLM,https://youtu.be/M8Jn6hNpT9g,44,Bekhorot 10b: Firstborn Donkey Rules
10b,video,NotebookLM,https://youtu.be/vhAnxcx8ag4,45,Bekhorot 10b-11a: The Ledger of Retribution: Unredeemed Donkeys and Divine Law
11a,video,NotebookLM,https://youtu.be/vhAnxcx8ag4,45,Bekhorot 10b-11a: The Ledger of Retribution: Unredeemed Donkeys and Divine Law
11a,video,NotebookLM,https://youtu.be/nQrCzpbip-g,46,Bekhorot 11a: Firstborn Donkey Dilemma
11a,video,NotebookLM,https://youtu.be/PESBNo5SywQ,47,Bekhorot 11a: Third-Party Redemption
11a,video,NotebookLM,https://youtu.be/lnax3HhoHbc,48,Bekhorot 11a: Inheriting Privileges
11a,video,NotebookLM,https://youtu.be/mjCTB0QjHnU,49,Bekhorot 11a-b: Agricultural Tax Dilemma
11a,video,NotebookLM,https://youtu.be/1yjTdvuICNo,49,Bekhorot 11a-b: Tithing Gentile Produce
11a,audio,Rabbi Aryeh Lebowitz,https://shiurim.yutorah.net/2019/1109/923368.MP3?redirect=download.yutorah.org,,
11b,video,NotebookLM,https://youtu.be/mjCTB0QjHnU,49,Bekhorot 11a-b: Agricultural Tax Dilemma
11b,video,NotebookLM,https://youtu.be/1yjTdvuICNo,49,Bekhorot 11a-b: Tithing Gentile Produce
11b,video,NotebookLM,https://youtu.be/4U3pwAUkKHo,51,Bekhorot 11b: How Designating a Lamb Transfers Ownership
12a,video,NotebookLM,https://youtu.be/I2bJHoSmriA,52,Bekhorot 12a: Banned Substitutes in Ancient Animal Trades
12a,video,NotebookLM,https://youtu.be/IWNTYk-at9U,53,Bekhorot 12a: Law of Firstborn Donkey
12a,video,NotebookLM,https://youtu.be/F_tZjNHVkL0,55,Bekhorot 12a: Firstborn Donkey Law
12a,video,NotebookLM,https://youtu.be/ir_ug7AMFtA,56,Bekhorot 12a: Law of Firstborn Donkey
12a,audio,Rabbi Aryeh Lebowitz,https://shiurim.yutorah.net/2019/1109/923396.MP3?redirect=download.yutorah.org,,
12b,video,NotebookLM,https://youtu.be/nMaNBD12cN8,57,Bekhorot 12b: How Sacred Crops Block Donkey Redemptions
12b,video,NotebookLM,https://youtu.be/vhAWZoPYVh4,57,Bekhorot 12b: Laws of Firstborn Donkeys
12b,video,NotebookLM,https://youtu.be/yhxLa0YtafY,59,Bekhorot 12b: Who Pays for a Lost Redemption Lamb?
12b,video,NotebookLM,https://youtu.be/U-HfMsAsT8c,60,Bekhorot 12b: Limits of Legal Analogy
12b,video,NotebookLM,https://youtu.be/Y8HfAx588QQ,61,Bekhorot 12b-13a: The Legal Deadlines
13a,video,NotebookLM,https://youtu.be/Y8HfAx588QQ,61,Bekhorot 12b-13a: The Legal Deadlines
13a,video,NotebookLM,https://youtu.be/KKaRAfGxPhc,62,Bekhorot 13a: Hierarchy of Obligations
13a,video,NotebookLM,https://youtu.be/l_qZ3z5Uy-0,63,Bekhorot 13a: Ownership Exemptions
13a,video,NotebookLM,https://youtu.be/W_u6dGHlphk,64,Bekhorot 13a: Why the Donkey Beats the Cow
13a,video,NotebookLM,https://youtu.be/5oDt2lkTa_s,65,Bekhorot 13a: How Money Overrides Pulling In Legal Acquisition
13a,video,NotebookLM,https://youtu.be/ztL4hEFrZls,66,Bekhorot 13a: The Moment of Acquisition
13a,video,NotebookLM,https://youtu.be/zBAsQnOk1Cs,67,Bekhorot 13a-b: Property Acquisition
13a,audio,Rabbi Aryeh Lebowitz,https://shiurim.yutorah.net/2019/1109/923449.MP3?redirect=download.yutorah.org,,
13b,video,NotebookLM,https://youtu.be/zBAsQnOk1Cs,67,Bekhorot 13a-b: Property Acquisition
13b,video,NotebookLM,https://youtu.be/enTzMmV3Z4w,68,Bekhorot 13b: Financial Exploitation
13b,video,NotebookLM,https://youtu.be/VKi5ScKIBYM,69,Bekhorot 13b: The Anatomy of a Mistaken Transaction
14a,video,NotebookLM,https://youtu.be/75p2rncXJAY,70,Bekhorot 14a: The Timing of the Flaw
14a,video,NotebookLM,https://youtu.be/knfm8UgGCxg,71,Bekhorot 14a: How Monetary Value Overrides Temple Rules
14a,video,NotebookLM,https://youtu.be/QgzBde4ubmo,72,Bekhorot 14a: Why You Can't Shear an Altar Sheep
14a,video,NotebookLM,https://youtu.be/6sBX8o30xR0,73,Bekhorot 14a-b: Sanctity & Inheritance
14a,audio,Rabbi Aryeh Lebowitz,https://shiurim.yutorah.net/2019/1109/923525.MP3?redirect=download.yutorah.org,,
14b,video,NotebookLM,https://youtu.be/6sBX8o30xR0,73,Bekhorot 14a-b: Sanctity & Inheritance
14b,video,NotebookLM,https://youtu.be/T0skhpKdcB4,74,Bekhorot 14b: Rule of Redundancy
14b,video,NotebookLM,https://youtu.be/5WzWNRp2Tgs,75,Bekhorot 14b: How Redundant Words Define Sacred Status
14b,video,NotebookLM,https://youtu.be/gmfUIT1ta4c,76,Bekhorot 14b-15a: Holy Property Dilemma
15a,video,NotebookLM,https://youtu.be/gmfUIT1ta4c,76,Bekhorot 14b-15a: Holy Property Dilemma
15a,video,NotebookLM,https://youtu.be/PvCn5texKDk,77,Bekhorot 15a: Blemished Animal Legal Limbo
15a,video,NotebookLM,https://youtu.be/ZV6L9qlIwLQ,78,Bekhorot 15a-b: The Strict Rules of Redeemed Sacrifices
15a,audio,Rabbi Aryeh Lebowitz,https://shiurim.yutorah.net/2019/1109/923639.MP3?redirect=download.yutorah.org,,
15b,video,NotebookLM,https://youtu.be/ZV6L9qlIwLQ,78,Bekhorot 15a-b: The Strict Rules of Redeemed Sacrifices
15b,video,NotebookLM,https://youtu.be/UfbWFP-_-ao,79,Bekhorot 15b-16a: The Inescapable Paradox of Deferred Sanctity
16a,video,NotebookLM,https://youtu.be/UfbWFP-_-ao,79,Bekhorot 15b-16a: The Inescapable Paradox of Deferred Sanctity
16a,video,NotebookLM,https://youtu.be/zTbkOpjF7bw,80,Bekhorot 16a: Why Minor Blemishes Keep Sacred Status
16a,video,NotebookLM,https://youtu.be/R7M-DTtCr-E,81,Bekhorot 16a: Tradition vs Written Law
16a,video,NotebookLM,https://youtu.be/03WMjSzl6Vg,82,Bekhorot 16a-b: How Collateral Cancels Firstborn Status
16a,audio,Rabbi Aryeh Lebowitz,https://shiurim.yutorah.net/2019/1109/923750.MP3?redirect=download.yutorah.org,,
16b,video,NotebookLM,https://youtu.be/03WMjSzl6Vg,82,Bekhorot 16a-b: How Collateral Cancels Firstborn Status
16b,video,NotebookLM,https://youtu.be/HutWz5AlCRU,83,Bekhorot 16b: The Ownership Paradox
16b,video,NotebookLM,https://youtu.be/wAyMi7wMejs,84,Bekhorot 16b-17a: Generational Reach of Debt
17a,video,NotebookLM,https://youtu.be/wAyMi7wMejs,84,Bekhorot 16b-17a: Generational Reach of Debt
17a,video,NotebookLM,https://youtu.be/mO4kQCLncog,85,Bekhorot 17a: The Anomalous Offspring
17a,video,NotebookLM,https://youtu.be/ifRbNCkbLto,86,Bekhorot 17a: How the New Moon Offering Demands Pure Lineage
17a,video,NotebookLM,https://youtu.be/ZfeKhd34CgE,87,Bekhorot 17a: The Law of Altered Species
17a,video,NotebookLM,https://youtu.be/twpOXHkaRbQ,88,Bekhorot 17a-b: The Impossible Math of Simultaneous Twins
17a,audio,Rabbi Aryeh Lebowitz,https://shiurim.yutorah.net/2011/1109/766344.MP3?redirect=download.yutorah.org,,
17b,video,NotebookLM,https://youtu.be/twpOXHkaRbQ,88,Bekhorot 17a-b: The Impossible Math of Simultaneous Twins
17b,video,NotebookLM,https://youtu.be/H3ITBWqNkV0,89,Bekhorot 17b-18a: The Eerie Geometry of Justice
18a,video,NotebookLM,https://youtu.be/H3ITBWqNkV0,89,Bekhorot 17b-18a: The Eerie Geometry of Justice
18a,video,NotebookLM,https://youtu.be/Lv7vNWAUNg8,90,Bekhorot 18a: How Law Determines Twin Birth Order
18a,video,NotebookLM,https://youtu.be/RyVx0mIujj0,91,Bekhorot 18a: How the Burden of Proof Splits Twins
18a,video,NotebookLM,https://youtu.be/FAmlfSfIu50,92,Bekhorot 18a: How the Priest's Complementary Claim Wins
18a,video,NotebookLM,https://youtu.be/EBWL8OdvXeU,93,Bekhorot 18a-b: The Legal Stress Test
18a,audio,Rabbi Aryeh Lebowitz,https://shiurim.yutorah.net/2019/1109/923789.MP3?redirect=download.yutorah.org,,
18b,video,NotebookLM,https://youtu.be/EBWL8OdvXeU,93,Bekhorot 18a-b: The Legal Stress Test
18b,video,NotebookLM,https://youtu.be/yHq8TkH9Co8,94,Bekhorot 18b: Priestly Gifts & Tithes
18b,video,NotebookLM,https://youtu.be/GfrpyED_hCs,95,Bekhorot 18b: Why the Law Divides the Remaining Lamb
18b,video,NotebookLM,https://youtu.be/PyDUb31tzHQ,96,Bekhorot 18b: Parables of the Firstborn
18b,video,NotebookLM,https://youtu.be/7ILKmwqcJfU,97,Bekhorot 18b: Solving Biological Doubt
18b,video,NotebookLM,https://youtu.be/jwTC66n8TDg,98,Bekhorot 18b-19a: Legal Edge-Cases
19a,video,NotebookLM,https://youtu.be/jwTC66n8TDg,98,Bekhorot 18b-19a: Legal Edge-Cases
19a,video,NotebookLM,https://youtu.be/Epdi_5gpkYg,99,Bekhorot 19a: How C-Sections Complicate Firstborn Status
19a,video,NotebookLM,https://youtu.be/eJwKmLtNJj0,100,Bekhorot 19a-b: The Firstborn Paradox
19a,audio,Rabbi Aryeh Lebowitz,https://shiurim.yutorah.net/2019/1109/923846.MP3?redirect=download.yutorah.org,,
19b,video,NotebookLM,https://youtu.be/eJwKmLtNJj0,100,Bekhorot 19a-b: The Firstborn Paradox
19b,video,NotebookLM,https://youtu.be/x3pVYlp4Bj8,102,Bekhorot 19b-20a: Logic of Majorities
20a,video,NotebookLM,https://youtu.be/x3pVYlp4Bj8,102,Bekhorot 19b-20a: Logic of Majorities
20a,video,NotebookLM,https://youtu.be/iS4EgiIQWic,103,Bekhorot 20a: Animal Purchase Dilemma
20a,video,NotebookLM,https://youtu.be/fM7EmnmdX9w,104,Bekhorot 20a-b: 12-Month Biological Puzzle
20a,audio,Rabbi Aryeh Lebowitz,https://shiurim.yutorah.net/2019/1109/923990.MP3?redirect=download.yutorah.org,,
20b,video,NotebookLM,https://youtu.be/fM7EmnmdX9w,104,Bekhorot 20a-b: 12-Month Biological Puzzle
20b,video,NotebookLM,https://youtu.be/brgFhb5sksw,105,Bekhorot 20b: The Mathematics of Doubt
20b,video,NotebookLM,https://youtu.be/bN9dPHtXCDs,106,Bekhorot 20b-21a: How One Goat Fills the Tithe Quota
21a,video,NotebookLM,https://youtu.be/bN9dPHtXCDs,106,Bekhorot 20b-21a: How One Goat Fills the Tithe Quota
21a,video,NotebookLM,https://youtu.be/axlf8kpQKO4,107,Bekhorot 21a-b: Math of the Animal Tithe
21a,audio,Rabbi Aryeh Lebowitz,https://shiurim.yutorah.net/2019/1109/924090.MP3?redirect=download.yutorah.org,,
21b,video,NotebookLM,https://youtu.be/axlf8kpQKO4,107,Bekhorot 21a-b: Math of the Animal Tithe
21b,video,NotebookLM,https://youtu.be/nZuUF0MXXTI,108,Bekhorot 21b: How Shepherds Diagnose Lost Pregnancies
21b,video,NotebookLM,https://youtu.be/VDPSoHmL4BU,109,Bekhorot 21b: Who Carries the Burden of Inquiry?
21b,video,NotebookLM,https://youtu.be/mbGBK-Gcfm8,110,Bekhorot 21b: Why Congealed Blood Exempts Future Offspring
21b,video,NotebookLM,https://youtu.be/vZFXiYOWYQw,111,Bekhorot 21b-22a: Law vs. Biology
22a,video,NotebookLM,https://youtu.be/vZFXiYOWYQw,111,Bekhorot 21b-22a: Law vs. Biology
22a,video,NotebookLM,https://youtu.be/pZj7-r-vQ6A,112,Bekhorot 22a: Measuring Ritual Impurity
22a,video,NotebookLM,https://youtu.be/OuvUBk7_oQY,113,Bekhorot 22a-23b: Nullified Impurity
22a,audio,Rabbi Aryeh Lebowitz,https://shiurim.yutorah.net/2019/1109/924194.MP3?redirect=download.yutorah.org,,
22b,video,NotebookLM,https://youtu.be/OuvUBk7_oQY,113,Bekhorot 22a-23b: Nullified Impurity
23a,video,NotebookLM,https://youtu.be/OuvUBk7_oQY,113,Bekhorot 22a-23b: Nullified Impurity
23a,audio,Rabbi Aryeh Lebowitz,https://shiurim.yutorah.net/2019/1109/924259.MP3?redirect=download.yutorah.org,,
23b,video,NotebookLM,https://youtu.be/OuvUBk7_oQY,113,Bekhorot 22a-23b: Nullified Impurity
23b,video,NotebookLM,https://youtu.be/lrrP-DIY2aw,114,Bekhorot 23b: Threshold of Matter
23b,video,NotebookLM,https://youtu.be/AWll6-5Pnlk,115,Bekhorot 23b: The Fish Brine Tipping Point
23b,video,NotebookLM,https://youtu.be/V79L5c2oOY4,116,Bekhorot 23b: How Presumptive Status Clears Firstborn Obligations
23b,video,NotebookLM,https://youtu.be/2x-8AwSgyss,117,Bekhorot 23b-24a: Hierarchy of Precedence
24a,video,NotebookLM,https://youtu.be/2x-8AwSgyss,117,Bekhorot 23b-24a: Hierarchy of Precedence
24a,video,NotebookLM,https://youtu.be/jJ9XCqNSI8s,118,Bekhorot 24a: Nursing Offspring Dilemma
24a,video,NotebookLM,https://youtu.be/wdWmGUsqSPc,119,Bekhorot 24a-b: The Paradox for the Prophet
24a,audio,Rabbi Aryeh Lebowitz,https://shiurim.yutorah.net/2011/1109/766586.MP3?redirect=download.yutorah.org,,
24b,video,NotebookLM,https://youtu.be/wdWmGUsqSPc,119,Bekhorot 24a-b: The Paradox for the Prophet
24b,video,NotebookLM,https://youtu.be/xr6p6F2hWvw,120,Bekhorot 24b: How Ancient Law Bypassed the Shearing Ban
24b,video,NotebookLM,https://youtu.be/lGWYFVOfDjo,121,Bekhorot 24b-25a: Intent vs Inevitability
25a,video,NotebookLM,https://youtu.be/lGWYFVOfDjo,121,Bekhorot 24b-25a: Intent vs Inevitability
25a,video,NotebookLM,https://youtu.be/VeuAAuJbBWs,122,Bekhorot 25a: The Red Heifer Dilemma
25a,video,NotebookLM,https://youtu.be/hW-Dlf_bqfA,123,Bekhorot 25a: How to Slaughter Without Shearing
25a,video,NotebookLM,https://youtu.be/yp-JrK_sYsM,124,Bekhorot 25a: Plucking Wool to Reveal a Blemish
25a,video,NotebookLM,https://youtu.be/phSyo9xwBeY,125,Bekhorot 25a-b: Shed Wool Legal Status
25a,audio,Rabbi Aryeh Lebowitz,https://shiurim.yutorah.net/2019/1109/924304.MP3?redirect=download.yutorah.org,,
25b,video,NotebookLM,https://youtu.be/phSyo9xwBeY,125,Bekhorot 25a-b: Shed Wool Legal Status
25b,video,NotebookLM,https://youtu.be/3b6Frk9GPmk,126,Bekhorot 25b: Why Slaughtering Permits Detached Wool
25b,video,NotebookLM,https://youtu.be/owdHcVeAEZA,127,Bekhorot 25b: The Geography of Logic: Dim Babylonians and the Bright Land of Israel
25b,video,NotebookLM,https://youtu.be/DYDJ5cawEVI,128,Bekhorot 25b-26a: Blemished Firstborns
26a,video,NotebookLM,https://youtu.be/DYDJ5cawEVI,128,Bekhorot 25b-26a: Blemished Firstborns
26a,video,NotebookLM,https://youtu.be/WPVDUo4U6hE,129,Bekhorot 26a: The Logical Funnel
26a,video,NotebookLM,https://youtu.be/zx3L-eAZj3Y,129,Bekhorot 26a: The Judge Who Condemned A Cow
26a,video,NotebookLM,https://youtu.be/Y221jfQ3aiE,130,Bekhorot 26a-b: The Wool Dilemma
26a,audio,Rabbi Aryeh Lebowitz,https://shiurim.yutorah.net/2019/1109/924375.MP3?redirect=download.yutorah.org,,
26b,video,NotebookLM,https://youtu.be/Y221jfQ3aiE,130,Bekhorot 26a-b: The Wool Dilemma
26b,video,NotebookLM,https://youtu.be/pKyQ9fmLnRA,131,Bekhorot 26b: The Dangling Wool Loophole
26b,video,NotebookLM,https://youtu.be/pBCNqgVwEL4,132,Bekhorot 26b: The Firstborn Animal Waiting Periods
26b,video,NotebookLM,https://youtu.be/iwelYGN7T7M,133,Bekhorot 26b: Timeline of the Firstborn
26b,video,NotebookLM,https://youtu.be/yK0_fgreuVs,134,"Bekhorot 26b-27a: Sacred Gifts, Not Wages"
27a,video,NotebookLM,https://youtu.be/yK0_fgreuVs,134,"Bekhorot 26b-27a: Sacred Gifts, Not Wages"
27a,video,NotebookLM,https://youtu.be/vfEujOwv14E,135,Bekhorot 27a: Tithes: Inside vs. Outside
27a,video,NotebookLM,https://youtu.be/8542D60Gmz0,136,Bekhorot 27a-b: Purity & the Law of Tithes
27a,audio,Rabbi Aryeh Lebowitz,https://shiurim.yutorah.net/2019/1109/924462.MP3?redirect=download.yutorah.org,,
27b,video,NotebookLM,https://youtu.be/8542D60Gmz0,136,Bekhorot 27a-b: Purity & the Law of Tithes
27b,video,NotebookLM,https://youtu.be/F-aYvuPjcXc,137,Bekhorot 27b-28a: Firstborn Consumption Clock
28a,video,NotebookLM,https://youtu.be/F-aYvuPjcXc,137,Bekhorot 27b-28a: Firstborn Consumption Clock
28a,video,NotebookLM,https://youtu.be/MTNbnuRZf6E,138,Bekhorot 28a: The Edge-Case Dilemma
28a,video,NotebookLM,https://youtu.be/C0DPlVtPfQU,139,Bekhorot 28a: The Price of Amateur Advice
28a,video,NotebookLM,https://youtu.be/wnNmmz1Ebao,140,Bekhorot 28a-b: Post-Mortem Law
28a,audio,Rabbi Aryeh Lebowitz,https://shiurim.yutorah.net/2019/1109/924607.MP3?redirect=download.yutorah.org,,
28b,video,NotebookLM,https://youtu.be/wnNmmz1Ebao,140,Bekhorot 28a-b: Post-Mortem Law
28b,video,NotebookLM,https://youtu.be/e30-JEmV8gs,141,Bekhorot 28b: The Amateur's Penalty
28b,video,NotebookLM,https://youtu.be/0mfubff8v-w,142,Bekhorot 28b: How Destructive Livestock Changed Financial Compensation
28b,video,NotebookLM,https://youtu.be/JXPs7ieT7dY,143,Bekhorot 28b: How Ancient Law Handled Judicial Malpractice
28b,video,NotebookLM,https://youtu.be/dxj0utRTqOs,144,Bekhorot 28b: How Judicial Liability Requires Direct Action
28b,video,NotebookLM,https://youtu.be/xeFZG-OARmA,145,Bekhorot 28b: The Shield of the Expert
28b,video,NotebookLM,https://youtu.be/f_hJtp6DfYY,146,Bekhorot 28b: How Ancient Law Protected Judges
28b,video,NotebookLM,https://youtu.be/c_PXh4SYQaQ,147,Bekhorot 28b-29a: How Fixed Wages Stop Corrupt Rulings
29a,video,NotebookLM,https://youtu.be/c_PXh4SYQaQ,147,Bekhorot 28b-29a: How Fixed Wages Stop Corrupt Rulings
29a,video,NotebookLM,https://youtu.be/9dXmvQ3HMn0,148,Bekhorot 29a: Why Animal Examiners Charge Tiered Rates
29a,video,NotebookLM,https://youtu.be/GW5LcwgFAPc,149,Bekhorot 29a: How Ancient Law Stopped Judicial Bias
29a,video,NotebookLM,https://youtu.be/fTzY8Mfoo4o,150,"Bekhorot 29a: The Alchemy of Corruption: Truth, Nullification, and the Lost Day"
29a,video,NotebookLM,https://youtu.be/PdiVSqm4JX4,151,Bekhorot 29a: Why Paid Judges Void Their Rulings
29a,video,NotebookLM,https://youtu.be/P7fH9g6ZRS0,152,Bekhorot 29a: Economics of the Sacred
29a,video,NotebookLM,https://youtu.be/PhYtP8-djMk,153,Bekhorot 29a-b: The Priest's Legal Paradox
29a,audio,Rabbi Aryeh Lebowitz,https://shiurim.yutorah.net/2019/1109/924706.MP3?redirect=download.yutorah.org,,
29b,video,NotebookLM,https://youtu.be/PhYtP8-djMk,153,Bekhorot 29a-b: The Priest's Legal Paradox
29b,video,NotebookLM,https://youtu.be/g4uShbGefhI,154,Bekhorot 29b: How to Pay an Idle Laborer
29b,video,NotebookLM,https://youtu.be/TyahBDOQk_E,155,Bekhorot 29b: Why Labor Clears Illicit Goods
29b,video,NotebookLM,https://youtu.be/7J6z-IR1xMQ,156,Bekhorot 29b: The Marketplace Suspect
29b,video,NotebookLM,https://youtu.be/lIkqPAZh0_4,157,Bekhorot 29b: How Felt Bypasses the Spun Thread Rule
29b,video,NotebookLM,https://youtu.be/gP6H7sj5fj0,158,Bekhorot 29b: Where the Sabbatical Ban Ends
29b,video,NotebookLM,https://youtu.be/4gwHD_hofqE,159,Bekhorot 29b: What Counts As Woven Fabric
29b,video,NotebookLM,https://youtu.be/nJFBJyQS41c,160,Bekhorot 29b: The Limits of a Marketplace Boycott
29b,video,NotebookLM,https://youtu.be/2xyinls3Emw,161,Bekhorot 29b-30a: The Butcher and the Nuts
30a,video,NotebookLM,https://youtu.be/2xyinls3Emw,161,Bekhorot 29b-30a: The Butcher and the Nuts
30a,video,NotebookLM,https://youtu.be/GVR255qv3XU,162,Bekhorot 30a: How Legal Suspicion Isolates Untrustworthiness
30a,video,NotebookLM,https://youtu.be/zlGveWUPse8,163,Bekhorot 30a: Trust & Suspicion in Law
30a,video,NotebookLM,https://youtu.be/sLgOnXXWNrU,164,Bekhorot 30a-b: Trust in Jewish Law
30a,audio,Rabbi Aryeh Lebowitz,https://shiurim.yutorah.net/2019/1109/924793.MP3?redirect=download.yutorah.org,,
30b,video,NotebookLM,https://youtu.be/sLgOnXXWNrU,164,Bekhorot 30a-b: Trust in Jewish Law
30b,video,NotebookLM,https://youtu.be/bL62DBW_zks,165,Bekhorot 30b: The All-Or-Nothing Rule of Jewish Law
30b,video,NotebookLM,https://youtu.be/yvcsUlz0Q4E,166,Bekhorot 30b: How Strict Societies Vet Unlearned Applicants
30b,video,NotebookLM,https://youtu.be/P9r52s1NNQo,167,Bekhorot 30b: How Strict Ritual Purity Begins
30b,video,NotebookLM,https://youtu.be/5bjAed5YToU,168,Bekhorot 30b: How to Prove Trustworthiness in Ritual Purity
30b,video,NotebookLM,https://youtu.be/8wzcpQT-k5g,169,Bekhorot 30b: The Ashes of Purity
30b,video,NotebookLM,https://youtu.be/65fvyJoaQHA,170,Bekhorot 30b: Habits vs. Environment
31a,video,NotebookLM,https://youtu.be/TS2iSUdQ824,172,Bekhorot 31a: The Empty Chairs: The Cost of Forgiveness
31a,video,NotebookLM,https://youtu.be/C--VAL4qnqs,173,Bekhorot 31a: Vested Interest Limits
31a,video,NotebookLM,https://youtu.be/NlbmBaOEGwk,174,Bekhorot 31a: Sacred Assets & Economics
31a,audio,Rabbi Aryeh Lebowitz,https://shiurim.yutorah.net/2011/1109/766852.MP3?redirect=download.yutorah.org,,
31b,video,NotebookLM,https://youtu.be/QGJ2NZUEUlM,175,Bekhorot 31b: Temple Treasury Economics
31b,video,NotebookLM,https://youtu.be/KaHmgEhRW1s,176,Bekhorot 31b-32a: The Anatomy of a Curse: Immortality and the Stolen Name
32a,video,NotebookLM,https://youtu.be/KaHmgEhRW1s,176,Bekhorot 31b-32a: The Anatomy of a Curse: Immortality and the Stolen Name
32a,video,NotebookLM,https://youtu.be/bDldXMZzg0k,177,Bekhorot 32a: How the Inclusion Workaround Hides Forbidden Costs
32a,video,NotebookLM,https://youtu.be/wspPINn-Ilw,178,Bekhorot 32a: The Animal Tithe Puzzle
32a,video,NotebookLM,https://youtu.be/hvwawqhexYo,179,Bekhorot 32a-b: Ravas Logic for the Tithe Ban
32a,audio,Rabbi Aryeh Lebowitz,https://shiurim.yutorah.net/2019/1109/924848.MP3?redirect=download.yutorah.org,,
32b,video,NotebookLM,https://youtu.be/hvwawqhexYo,179,Bekhorot 32a-b: Ravas Logic for the Tithe Ban
32b,video,NotebookLM,https://youtu.be/pP7D6rSVnlk,180,Bekhorot 32b: Legal Autopsy of a Phrase
32b,video,NotebookLM,https://youtu.be/86OjIj21Fro,181,Bekhorot 32b-33a: The A Fortiori Inference
33a,video,NotebookLM,https://youtu.be/86OjIj21Fro,181,Bekhorot 32b-33a: The A Fortiori Inference
33a,video,NotebookLM,https://youtu.be/guKoPCSJl-4,182,Bekhorot 33a: Sacred Offering & Wild Deer
33a,video,NotebookLM,https://youtu.be/Wpq8oA9GJtw,183,Bekhorot 33a: Blemished Firstborn Debate
33a,video,NotebookLM,https://youtu.be/glr4qsmXUts,184,Bekhorot 33a-b: The Legal Paradox
33a,audio,Rabbi Aryeh Lebowitz,https://shiurim.yutorah.net/2019/1109/924949.MP3?redirect=download.yutorah.org,,
33b,video,NotebookLM,https://youtu.be/glr4qsmXUts,184,Bekhorot 33a-b: The Legal Paradox
33b,video,NotebookLM,https://youtu.be/YW_lDJtbJXw,185,Bekhorot 33b: The Legal Catch-22 of Saving a Firstborn Animal
33b,video,NotebookLM,https://youtu.be/TBkteNMWk0w,186,Bekhorot 33b-34a: Action and Omission
34a,video,NotebookLM,https://youtu.be/TBkteNMWk0w,186,Bekhorot 33b-34a: Action and Omission
34a,video,NotebookLM,https://youtu.be/nd5m_NpCEFo,187,Bekhorot 34a: The Loophole for a Sick Firstborn Offering
34a,video,NotebookLM,https://youtu.be/jSFZf21iJdI,188,Bekhorot 34a: How Ancient Law Punishes Loophole Exploiters
34a,video,NotebookLM,https://youtu.be/pCcfV221Aok,189,Bekhorot 34a-b: Intent & Legal Logic
34a,audio,Rabbi Aryeh Lebowitz,https://shiurim.yutorah.net/2019/1109/925044.MP3?redirect=download.yutorah.org,,
34b,video,NotebookLM,https://youtu.be/pCcfV221Aok,189,Bekhorot 34a-b: Intent & Legal Logic
34b,video,NotebookLM,https://youtu.be/Pz9FTYgBkPc,190,Bekhorot 34b: Punitive Impurity & Grace
34b,video,NotebookLM,https://youtu.be/mIny_fEXkac,191,Bekhorot 34b-35a: Inheriting the Penalty
35a,video,NotebookLM,https://youtu.be/mIny_fEXkac,191,Bekhorot 34b-35a: Inheriting the Penalty
35a,video,NotebookLM,https://youtu.be/LTZ1RUHYxwo,192,Bekhorot 35a: The Sacred Ram Loophole
35a,video,NotebookLM,https://youtu.be/sWUXIXtLEAo,193,Bekhorot 35a: How Ancient Law Closed the Blemish Loophole
35a,video,NotebookLM,https://youtu.be/WU0OjGhNhsA,194,Bekhorot 35a: Ethics of the Loophole
35a,video,NotebookLM,https://youtu.be/YHaC4nRZdFs,195,Bekhorot 35a: How Intent Changes the Firstborn Offering Rules
35a,video,NotebookLM,https://youtu.be/aaCR-btOHos,196,Bekhorot 35a: Judging Human Intent
35a,video,NotebookLM,https://youtu.be/0iGnj3f3QVk,197,Bekhorot 35a: How Timing Bypasses Sacred Status
35a,video,NotebookLM,https://youtu.be/EPZY8inXzw8,198,Bekhorot 35a: How Hidden Blemishes Become Visible
35a,video,NotebookLM,https://youtu.be/Oe5J6Qhqxm4,199,Bekhorot 35a: How Conflict of Interest Defines Witness Credibility
35a,video,NotebookLM,https://youtu.be/fmnQqZvih4c,200,Bekhorot 35a-b: The Incentive Matrix
35a,audio,Rabbi Aryeh Lebowitz,https://shiurim.yutorah.net/2019/1109/925117.MP3?redirect=download.yutorah.org,,
35b,video,NotebookLM,https://youtu.be/fmnQqZvih4c,200,Bekhorot 35a-b: The Incentive Matrix
35b,video,NotebookLM,https://youtu.be/i4pL-2V4d5A,201,Bekhorot 35b: The Unseen Blemish
35b,video,NotebookLM,https://youtu.be/MTVw9-Gpl_Y,202,Bekhorot 35b-36a: How Suspicion Disqualifies A Judge
36a,video,NotebookLM,https://youtu.be/MTVw9-Gpl_Y,202,Bekhorot 35b-36a: How Suspicion Disqualifies A Judge
36a,video,NotebookLM,https://youtu.be/Fdkn10QR0iU,203,Bekhorot 36a: The Hearsay Stress Test
36a,video,NotebookLM,https://youtu.be/NKhU42bR438,204,Bekhorot 36a: The Logic of the Alibi
36a,video,NotebookLM,https://youtu.be/Ot_6wpr6Sto,205,Bekhorot 36a: The Anatomy of a Scholarly Revolt
36a,video,NotebookLM,https://youtu.be/et1jbLWAUwE,206,Bekhorot 36a: How Verifiability Creates Legal Credibility
36a,video,NotebookLM,https://youtu.be/75BjHHbvXDA,207,Bekhorot 36a-b: The Anatomy of a Brazen Cheat
36a,audio,Rabbi Aryeh Lebowitz,https://shiurim.yutorah.net/2019/1109/925204.MP3?redirect=download.yutorah.org,,
36b,video,NotebookLM,https://youtu.be/75BjHHbvXDA,207,Bekhorot 36a-b: The Anatomy of a Brazen Cheat
36b,video,NotebookLM,https://youtu.be/GL03HYMaG04,208,Bekhorot 36b: The Mismatched Eyes
36b,video,NotebookLM,https://youtu.be/BQRmOKQiDW8,210,Bekhorot 36b: How a Legal Loophole Proves Honesty
36b,video,NotebookLM,https://youtu.be/hmLkEh_oG0o,211,Bekhorot 36b: When Regular People Bypass Expert Rules
36b,video,NotebookLM,https://youtu.be/CENb0SmWfJo,212,Bekhorot 36b: Authority of the Layman
36b,video,NotebookLM,https://youtu.be/-AVBD7QtSyM,213,Bekhorot 36b-37a: Authority in Absence
37a,video,NotebookLM,https://youtu.be/-AVBD7QtSyM,213,Bekhorot 36b-37a: Authority in Absence
37a,video,NotebookLM,https://youtu.be/e1SeR4QUXNs,214,Bekhorot 37a: Consensus vs. Expertise
37a,video,NotebookLM,https://youtu.be/jYic5aZI8CE,215,Bekhorot 37a: The Ultimate Meat Refund Penalty
37a,video,NotebookLM,https://youtu.be/nYTjSMOA3xg,216,Bekhorot 37a: Inadvertent Transaction
37a,video,NotebookLM,https://youtu.be/KqZHNy1m47A,217,Bekhorot 37a: Defining a Permanent Ear Blemish
37a,video,NotebookLM,https://youtu.be/c5ecjcBlCns,218,Bekhorot 37a-b: The Funnel of Logic
37a,audio,Rabbi Aryeh Lebowitz,https://shiurim.yutorah.net/2019/1109/925279.MP3?redirect=download.yutorah.org,,
37b,video,NotebookLM,https://youtu.be/c5ecjcBlCns,218,Bekhorot 37a-b: The Funnel of Logic
37b,video,NotebookLM,https://youtu.be/FoP-kykz0BI,219,Bekhorot 37b: How a Fingernail Tests an Ear Blemish
37b,video,NotebookLM,https://youtu.be/sz1JGBYuyJM,220,Bekhorot 37b: How Big is a Blemish?
37b,video,NotebookLM,https://youtu.be/rTcKI22VZ6E,221,Bekhorot 37b-38a: Paradox of Measurement
37b,video,NotebookLM,https://youtu.be/TM8fKc82duA,221,Bekhorot 37b-38a: Seeds to Skulls
38a,video,NotebookLM,https://youtu.be/rTcKI22VZ6E,221,Bekhorot 37b-38a: Paradox of Measurement
38a,video,NotebookLM,https://youtu.be/TM8fKc82duA,221,Bekhorot 37b-38a: Seeds to Skulls
38a,video,NotebookLM,https://youtu.be/22OE0wLP540,222,Bekhorot 38a: The Law of Vessels
38a,video,NotebookLM,https://youtu.be/gpoOqRYMOmQ,223,Bekhorot 38a: Drilled Hole & Sela Coin
38a,audio,Rabbi Aryeh Lebowitz,https://shiurim.yutorah.net/2011/1109/767132.MP3?redirect=download.yutorah.org,,
38b,video,NotebookLM,https://youtu.be/9QZae6PjPo4,225,Bekhorot 38b: How Eye Blemishes Were Diagnosed by Color
38b,video,NotebookLM,https://youtu.be/NgYJA-Pn2Cc,226,Bekhorot 38b: The Snail Blemish Case
38b,video,NotebookLM,https://youtu.be/rTiRRijLaP4,227,Bekhorot 38b: Why the White of the Eye Doesn't Count
38b,video,NotebookLM,https://youtu.be/60IKrUwU49Y,228,Bekhorot 38b: How to Test an Animal's Eye Blemish
38b,video,NotebookLM,https://youtu.be/tAwG1R7xluU,229,Bekhorot 38b: Ancient Diagnostics
38b,video,NotebookLM,https://youtu.be/KkPCyAjCas8,230,Bekhorot 38b: How the Fodder Test Works
38b,video,NotebookLM,https://youtu.be/-QUuLBBuO_0,231,Bekhorot 38b-39a: Medicinal Fodder Test
39a,video,NotebookLM,https://youtu.be/-QUuLBBuO_0,231,Bekhorot 38b-39a: Medicinal Fodder Test
39a,video,NotebookLM,https://youtu.be/y0qItdBPB28,232,Bekhorot 39a: How to Prove a Blemish is Permanent
39a,video,NotebookLM,https://youtu.be/X9nHm-zdlPg,233,Bekhorot 39a: The Retroactive Temple Treasury Trap
39a,video,NotebookLM,https://youtu.be/ntggB1qtgFo,234,Bekhorot 39a: Defining Animal Facial Blemishes
39a,video,NotebookLM,https://youtu.be/UA2JIZWEF0I,235,Bekhorot 39a: The Boundary of the Unseen
39a,video,NotebookLM,https://youtu.be/o_sZ0qB_MII,236,Bekhorot 39a: Anatomy of a Blemish
39a,video,NotebookLM,https://youtu.be/Nx4m8NLXnVQ,237,Bekhorot 39a-b: The Missing Organ Dilemma
39a,audio,Rabbi Aryeh Lebowitz,https://shiurim.yutorah.net/2019/1109/925361.MP3?redirect=download.yutorah.org,,
39b,video,NotebookLM,https://youtu.be/Nx4m8NLXnVQ,237,Bekhorot 39a-b: The Missing Organ Dilemma
39b,video,NotebookLM,https://youtu.be/dyOVr7CvTMc,238,Bekhorot 39b: Visibility of Damage
39b,video,NotebookLM,https://youtu.be/eeKIwDVbELg,239,Bekhorot 39b: How Ancient Laws Defined Animal Blemishes
39b,video,NotebookLM,https://youtu.be/aCdHSGPZXN4,240,Bekhorot 39b: The Bizarre Case of the Regenerating Pouch
39b,video,NotebookLM,https://youtu.be/9a3R_G2IbLE,241,Bekhorot 39b-40a: The Architecture of Ethical Mathematics
40a,video,NotebookLM,https://youtu.be/9a3R_G2IbLE,241,Bekhorot 39b-40a: The Architecture of Ethical Mathematics
40a,video,NotebookLM,https://youtu.be/h-ErHWwnDQE,242,Bekhorot 40a: How Ancient Law Tested for Hidden Testicles
40a,video,NotebookLM,https://youtu.be/0mM-i5JVzcc,243,Bekhorot 40a: How Ancient Law Verified Animal Anatomy
40a,video,NotebookLM,https://youtu.be/sCRqEwg8aqk,243,Bekhorot 40a: Why Two Scrotal Sacs Require Physical Verification
40a,video,NotebookLM,https://youtu.be/3dFNx5vV8VQ,244,Bekhorot 40a: The Anatomy of an Accusation
40a,video,NotebookLM,https://youtu.be/v2C7563T1P4,245,Bekhorot 40a: Ancient Rules for Mutant Farm Animals
40a,video,NotebookLM,https://youtu.be/F0hjKknrj1o,246,Bekhorot 40a: Why an Extra Leg is a Fatal Wound
40a,video,NotebookLM,https://youtu.be/wxhzqOS9gLA,247,Bekhorot 40a: The Animal Expert Who Shocked the Ancient Court
40a,video,NotebookLM,https://youtu.be/T7pVzWCvzPo,248,Bekhorot 40a: How Motion Exposes Hidden Legal Blemishes
40a,video,NotebookLM,https://youtu.be/h4kv4JgrefA,249,Bekhorot 40a: Blemishes and Boundaries
40a,video,NotebookLM,https://youtu.be/9XsrhOdrG2Q,250,Bekhorot 40a: The Firstborn With the Protruding Jaw
40a,video,NotebookLM,https://youtu.be/YQdS0-8N8bA,251,Bekhorot 40a-b: Jawbone vs. Lip
40a,audio,Rabbi Aryeh Lebowitz,https://shiurim.yutorah.net/2019/1109/925403.MP3?redirect=download.yutorah.org,,
40b,video,NotebookLM,https://youtu.be/YQdS0-8N8bA,251,Bekhorot 40a-b: Jawbone vs. Lip
40b,video,NotebookLM,https://youtu.be/WY4kxcL52CQ,252,Bekhorot 40b: What Makes an Animal Blemish Official
40b,video,NotebookLM,https://youtu.be/hdqOnlWZJsA,253,Bekhorot 40b: How to Identify a Permanent Animal Blemish
40b,video,NotebookLM,https://youtu.be/oHbfHquvGpk,254,Bekhorot 40b: Defining the Pig-Like Tail Blemish
40b,video,NotebookLM,https://youtu.be/BH59UaCh8qI,255,Bekhorot 40b: Counting the Tail Joints of a Flawed Offering
40b,video,NotebookLM,https://youtu.be/1zAKrmJRK2s,256,Bekhorot 40b: How Ancient Law Defined a Blemished Animal
40b,video,NotebookLM,https://youtu.be/T3zCFNSx03k,257,Bekhorot 40b: Anatomy of a Blemish
40b,video,NotebookLM,https://youtu.be/DsEMDpVlqXg,258,Bekhorot 40b: Measuring Anatomical Asymmetry
40b,video,NotebookLM,https://youtu.be/E89s1-pt9Rw,259,Bekhorot 40b: How to Identify a Calf Tail Blemish
41a,video,NotebookLM,https://youtu.be/hTXmdS7O_vs,260,Bekhorot 41a: How to Measure a Calf's Hidden Joint
41a,video,NotebookLM,https://youtu.be/fI8JdXI5TA0,261,Bekhorot 41a: How Blemishes Release Sacred Animals
41a,video,NotebookLM,https://youtu.be/9i9Ca8OOKLQ,262,Bekhorot 41a: The Hidden Power of Unattributed Rulings
41a,video,NotebookLM,https://youtu.be/ZkggmkGELPs,263,Bekhorot 41a: The Gray Area of Ancient Sacrifices
41a,video,NotebookLM,https://youtu.be/3nPsnvMxxLs,264,Bekhorot 41a: The Anatomy of a Plague
41a,video,NotebookLM,https://youtu.be/QkEzAtVgEA0,265,Bekhorot 41a: How Three Words Filter Ancient Sacrifices
41a,video,NotebookLM,https://youtu.be/ebzx1n_UIJE,266,Bekhorot 41a: The Standard of Proof for Temple Sacrifices
41a,video,NotebookLM,https://youtu.be/MRkKL2r53dg,267,Bekhorot 41a: Biology in Ancient Law
41a,audio,Rabbi Aryeh Lebowitz,https://shiurim.yutorah.net/2019/1109/925457.MP3?redirect=download.yutorah.org,,
41b,video,NotebookLM,https://youtu.be/i1LQI9Sfgz8,268,Bekhorot 41b: The In-Between Status
41b,video,NotebookLM,https://youtu.be/_I_u-EV6Mps,269,Bekhorot 41b-42b: The Legal Stress Test
42a,video,NotebookLM,https://youtu.be/_I_u-EV6Mps,269,Bekhorot 41b-42b: The Legal Stress Test
42a,audio,Rabbi Aryeh Lebowitz,https://shiurim.yutorah.net/2019/1109/925554.MP3?redirect=download.yutorah.org,,
42b,video,NotebookLM,https://youtu.be/_I_u-EV6Mps,269,Bekhorot 41b-42b: The Legal Stress Test
42b,video,NotebookLM,https://youtu.be/oRF1m1zfb8E,270,Bekhorot 42b-43a: The Paradox of the Uncovered Flesh
43a,video,NotebookLM,https://youtu.be/oRF1m1zfb8E,270,Bekhorot 42b-43a: The Paradox of the Uncovered Flesh
43a,video,NotebookLM,https://youtu.be/TddmcMi4TRQ,271,Bekhorot 43a: How Head Shapes Disqualified Temple Priests
43a,video,NotebookLM,https://youtu.be/mbgZg99BqKo,272,Bekhorot 43a: The Blemish Dilemma
43a,video,NotebookLM,https://youtu.be/HlB8_0cWrE0,273,Bekhorot 43a: Logical Proof Matrix
43a,video,NotebookLM,https://youtu.be/7KCTgoqRheI,274,Bekhorot 43a-b: Why Temple Priests Needed to Look Alike
43a,audio,Rabbi Aryeh Lebowitz,https://shiurim.yutorah.net/2019/1109/925636.MP3?redirect=download.yutorah.org,,
43b,video,NotebookLM,https://youtu.be/7KCTgoqRheI,274,Bekhorot 43a-b: Why Temple Priests Needed to Look Alike
43b,video,NotebookLM,https://youtu.be/iZ8mdgnci5I,275,Bekhorot 43b: Strict Physical Requirements for Ancient Priests
43b,video,NotebookLM,https://youtu.be/FzuNcd1Q7AY,276,Bekhorot 43b: How a Humped Back Disqualifies a Priest
43b,video,NotebookLM,https://youtu.be/YOdkT2VM3sY,277,Bekhorot 43b: How Temple Law Judged Baldness
43b,video,NotebookLM,https://youtu.be/RMhNzDsmAlw,278,Bekhorot 43b: Temple Service Standards
43b,video,NotebookLM,https://youtu.be/QSdBK8uCjdI,279,Bekhorot 43b: How Eyebrows Disqualified Ancient Temple Priests
43b,video,NotebookLM,https://youtu.be/TLqkI37oKwI,280,Bekhorot 43b: How One Word Solved the Eyebrow Contradiction
43b,video,NotebookLM,https://youtu.be/DEe4R4FOvpo,281,Bekhorot 43b: How a Crooked Spine Mimics Two Backs
43b,video,NotebookLM,https://youtu.be/KUBPPLF7TNY,282,Bekhorot 43b: How Facial Flaws Disqualified Temple Priests
43b,video,NotebookLM,https://youtu.be/_h6KUkSbrys,283,Bekhorot 43b-44a: How Nasal Blemishes Disqualify a Priest
44a,video,NotebookLM,https://youtu.be/_h6KUkSbrys,283,Bekhorot 43b-44a: How Nasal Blemishes Disqualify a Priest
44a,video,NotebookLM,https://youtu.be/ctfubVHNX9A,284,Bekhorot 44a: What Does Eyes Above Mean?
44a,video,NotebookLM,https://youtu.be/Y-5k_w_XTBw,284,"Bekhorot 44a: Decoding ""Eyes Above"" in Ancient Law"
44a,video,NotebookLM,https://youtu.be/lhhD5G5DLFc,285,Bekhorot 44a: Deriving Ocular Blemishes
44a,video,NotebookLM,https://youtu.be/qb9FMmfVcCY,286,Bekhorot 44a: The Unintentional Classroom Insult
44a,video,NotebookLM,https://youtu.be/Ttr43kDj7jM,287,Bekhorot 44a: Drawing the Line on Eye Blemishes
44a,video,NotebookLM,https://youtu.be/Z4Z8AgwMM5I,288,Bekhorot 44a: Strict Aesthetic Rules for Ancient Priests
44a,video,NotebookLM,https://youtu.be/G9Xhs_3t-g4,291,Bekhorot 44a: Anatomy of an Animal Blemish
44a,audio,Rabbi Aryeh Lebowitz,https://shiurim.yutorah.net/2019/1109/925748.MP3?redirect=download.yutorah.org,,
44b,video,NotebookLM,https://youtu.be/MyvzMkMS1kc,292,Bekhorot 44b: Strict Bodily Rules For Ancient Temple Priests
44b,video,NotebookLM,https://youtu.be/DCphgugFB0U,294,Bekhorot 44b: Extreme Rules for Ancient Temple Priests
44b,video,NotebookLM,https://youtu.be/XesSCqbQCbg,295,Bekhorot 44b: Defining Physical Blemishes for Ancient Priests
44b,video,NotebookLM,https://youtu.be/1vRfQrwNJgM,296,Bekhorot 44b: How Talmudic Anagrams Decode Hidden Laws
44b,video,NotebookLM,https://youtu.be/AFBUQv2rgag,297,Bekhorot 44b-45a: Anatomy of Temple Law
45a,video,NotebookLM,https://youtu.be/AFBUQv2rgag,297,Bekhorot 44b-45a: Anatomy of Temple Law
45a,video,NotebookLM,https://youtu.be/j91-LFrel74,298,Bekhorot 45a: Temple Disqualifications
45a,video,NotebookLM,https://youtu.be/RF70_pN0bkI,298,Bekhorot 45a: Temple Service Rules
45a,video,NotebookLM,https://youtu.be/gGchee6BT9o,299,Bekhorot 45a: Extra Appendage Paradox
45a,video,NotebookLM,https://youtu.be/ZPOnqljnzSY,300,Bekhorot 45a: Law & The Boiled Corpse
45a,audio,Rabbi Aryeh Lebowitz,https://shiurim.yutorah.net/2011/1109/767313.MP3?redirect=download.yutorah.org,,
45b,video,NotebookLM,https://youtu.be/xIvebi3MMsI,301,Bekhorot 45b: Blemish or Praiseworthy?
45b,video,NotebookLM,https://youtu.be/qR_bd2uKH18,302,Bekhorot 45b: Why Ambidexterity Sparked a Temple Dispute
45b,video,NotebookLM,https://youtu.be/GmLeYV3EIN8,303,Bekhorot 45b: Why Priests and Sacrifices Face Different Rules
45b,video,NotebookLM,https://youtu.be/Vo6Cdi7ylhE,304,Bekhorot 45b: Disqualifying Skin Complexions For Temple Priests
45b,video,NotebookLM,https://youtu.be/LpRstqevEiM,305,Bekhorot 45b: How the Talmud Views Extreme Physical Traits
45b,video,NotebookLM,https://youtu.be/3x9AZXOTbeY,306,Bekhorot 45b: Impairment & Temple Service
45b,video,NotebookLM,https://youtu.be/Wl-i5AUdc4g,307,Bekhorot 45b: Temple Disqualification: Beasts vs. Priests
45b,video,NotebookLM,https://youtu.be/dUq-_bT2uUQ,308,Bekhorot 45b: Mother or Father: The Same-Day Rule
45b,video,NotebookLM,https://youtu.be/EmWnEsP_urk,309,Bekhorot 45b-46a: Accountability & Public Vow
46a,video,NotebookLM,https://youtu.be/EmWnEsP_urk,309,Bekhorot 45b-46a: Accountability & Public Vow
46a,video,NotebookLM,https://youtu.be/GO0Cu5W2y3U,310,Bekhorot 46a: Psychology of Ancient Vows
46a,video,NotebookLM,https://youtu.be/_5wDnJCcX80,311,Bekhorot 46a: Defining the Firstborn
46a,audio,Rabbi Aryeh Lebowitz,https://shiurim.yutorah.net/2019/1109/925800.MP3?redirect=download.yutorah.org,,
46b,video,NotebookLM,https://youtu.be/IK5quNddj_0,312,Bekhorot 46b: The Anatomy of a Birth
46b,video,NotebookLM,https://youtu.be/c9r2fCjguSw,313,Bekhorot 46b: Legal Human Identification
47a,video,NotebookLM,https://youtu.be/MYXOLEAFW4E,314,Bekhorot 47a: Legal vs. Biological
47a,video,NotebookLM,https://youtu.be/Hyuop9fdNWE,315,Bekhorot 47a: The Lineage Contradiction
47a,audio,Rabbi Aryeh Lebowitz,https://shiurim.yutorah.net/2019/1109/925860.MP3?redirect=download.yutorah.org,,
47b,video,NotebookLM,https://youtu.be/19fH6LXnOrU,316,Bekhorot 47b: Inheriting an Exemption
47b,video,NotebookLM,https://youtu.be/KTka4DaawfU,317,Bekhorot 47b: The Paternity Dilemma
47b,video,NotebookLM,https://youtu.be/H_TSzvHKxyo,318,Bekhorot 47b: How Caesarean Births Affect Firstborn Status
47b,video,NotebookLM,https://youtu.be/UxNaMxLV4n0,319,Bekhorot 47b: Firstborn Rights
47b,video,NotebookLM,https://youtu.be/HpNDDB_WVI4,320,Bekhorot 47b: Firstborn Legal Framework
48a,video,NotebookLM,https://youtu.be/R25OjEWI4z8,321,Bekhorot 48a: Who Pays the Firstborn Debt for Twins?
48a,video,NotebookLM,https://youtu.be/JO7o_S685Qg,322,Bekhorot 48a-b: Unknown Firstborn Debt
48a,audio,Rabbi Aryeh Lebowitz,https://shiurim.yutorah.net/2019/1109/925976.MP3?redirect=download.yutorah.org,,
48b,video,NotebookLM,https://youtu.be/JO7o_S685Qg,322,Bekhorot 48a-b: Unknown Firstborn Debt
48b,video,NotebookLM,https://youtu.be/jIS1UJ6VAnM,323,Bekhorot 48b: Uncertain Twins & Liens
48b,video,NotebookLM,https://youtu.be/uDIsWgSO3bk,324,Bekhorot 48b: Firstborn Redemption
48b,video,NotebookLM,https://youtu.be/l5MpFrZolj8,325,Bekhorot 48b-49a: Intermingled Firstborns
49a,video,NotebookLM,https://youtu.be/l5MpFrZolj8,325,Bekhorot 48b-49a: Intermingled Firstborns
49a,video,NotebookLM,https://youtu.be/CLsTSMAPCJE,326,Bekhorot 49a: How Intermingled Babies Shift Firstborn Redemption
49a,video,NotebookLM,https://youtu.be/W4OMXb64o1s,327,Bekhorot 49a: The Thirtieth Day
49a,video,NotebookLM,https://youtu.be/uUbqCGYmSN8,328,Bekhorot 49a: The Thirty-Day Boundary
49a,video,NotebookLM,https://youtu.be/P9KG7ydl4c8,329,Bekhorot 49a: Resolving Ambiguous Firstborn Redemptions
49a,video,NotebookLM,https://youtu.be/TZHazsySNjE,330,Bekhorot 49a-b: Pre-paying Future Obligations
49a,audio,Rabbi Aryeh Lebowitz,https://shiurim.yutorah.net/2019/1109/926015.MP3?redirect=download.yutorah.org,,
49b,video,NotebookLM,https://youtu.be/TZHazsySNjE,330,Bekhorot 49a-b: Pre-paying Future Obligations
49b,video,NotebookLM,https://youtu.be/kBLFjvAjwZk,331,Bekhorot 49b: Property & Hidden Debts
49b,video,NotebookLM,https://youtu.be/dxn4psVbztw,332,Bekhorot 49b: Ancient Monetary Law
49b,video,NotebookLM,https://youtu.be/mk9nc3VfwN4,333,Bekhorot 49b-50a: Redemption Mathematics
50a,video,NotebookLM,https://youtu.be/mk9nc3VfwN4,333,Bekhorot 49b-50a: Redemption Mathematics
50a,video,NotebookLM,https://youtu.be/dV0FGwnyGDY,334,Bekhorot 50a: The Value of a Shekel
50a,video,NotebookLM,https://youtu.be/EyQ-UtqTpy0,335,Bekhorot 50a: How the Bible Scales Unspecified Silver
50a,video,NotebookLM,https://youtu.be/NTHAKjj20PI,336,Bekhorot 50a: The Crisis of the Sacred Coin
50a,audio,Rabbi Aryeh Lebowitz,https://shiurim.yutorah.net/2012/1109/767475.MP3?redirect=download.yutorah.org,,
50b,video,NotebookLM,https://youtu.be/Yyorf03ZOMg,337,Bekhorot 50b-51a: The Mathematics of Malice
51a,video,NotebookLM,https://youtu.be/Yyorf03ZOMg,337,Bekhorot 50b-51a: The Mathematics of Malice
51a,video,NotebookLM,https://youtu.be/Dc683-MQrDk,338,Bekhorot 51a: Why Severe Fines Require Sanctuary Shekels
51a,video,NotebookLM,https://youtu.be/ORT3bxppc90,339,Bekhorot 51a: Value vs Actual Coins
51a,video,NotebookLM,https://youtu.be/FwUYbtiskTw,340,Bekhorot 51a: Mechanics of Redemption
51a,video,NotebookLM,https://youtu.be/nKVz_Ic4N1s,341,Bekhorot 51a: Intrinsic Worth vs. Debt
51a,video,NotebookLM,https://youtu.be/Ye0T1abVlnQ,342,Bekhorot 51a: Ancient Legal Systems
51a,audio,Rabbi Aryeh Lebowitz,https://shiurim.yutorah.net/2019/1109/926216.MP3?redirect=download.yutorah.org,,
51b,video,NotebookLM,https://youtu.be/essbMUWJaWA,343,Bekhorot 51b: Debt Without Redemption
51b,video,NotebookLM,https://youtu.be/iWp3ocbBFXY,344,Bekhorot 51b: Intent and Transaction
51b,video,NotebookLM,https://youtu.be/LBtuGelOUDs,345,Bekhorot 51b: Redemption Liability
51b,video,NotebookLM,https://youtu.be/lYpUvbVl2vI,346,Bekhorot 51b-52a: Ancient Property Law
52a,video,NotebookLM,https://youtu.be/lYpUvbVl2vI,346,Bekhorot 51b-52a: Ancient Property Law
52a,video,NotebookLM,https://youtu.be/e3JaEKsCd-w,347,Bekhorot 52a: The Limits of the Double Portion
52a,video,NotebookLM,https://youtu.be/5Ig7ZqPfi3E,348,Bekhorot 52a-b: Estate Law & Value Growth
52a,audio,Rabbi Aryeh Lebowitz,https://shiurim.yutorah.net/2012/1109/767538.MP3?redirect=download.yutorah.org,,
52b,video,NotebookLM,https://youtu.be/5Ig7ZqPfi3E,348,Bekhorot 52a-b: Estate Law & Value Growth
52b,video,NotebookLM,https://youtu.be/nvvL8BiAYJo,349,Bekhorot 52b: Who Survives the Jubilee Year Land Reset?
52b,video,NotebookLM,https://youtu.be/Liy3cIDQ4vY,350,Bekhorot 52b: Economics of the Jubilee
52b,video,NotebookLM,https://youtu.be/sjXxW97ATkA,351,Bekhorot 52b: The Inheritance Paradox
52b,video,NotebookLM,https://youtu.be/ER7_3PrWOSA,352,Bekhorot 52b: Inheritance & Honor
53a,video,NotebookLM,https://youtu.be/fN70ED9OVH8,353,Bekhorot 53a: Animal Tithe Paradox
53a,video,NotebookLM,https://youtu.be/l283EXel47E,354,Bekhorot 53a: Animal Tithe Paradox
53a,video,NotebookLM,https://youtu.be/26kJM5Ndg9I,355,Bekhorot 53a-b: The Locked Door: A Theological Thriller of the Animal Tithe
53a,audio,Rabbi Aryeh Lebowitz,https://shiurim.yutorah.net/2012/1109/767609.MP3?redirect=download.yutorah.org,,
53b,video,NotebookLM,https://youtu.be/26kJM5Ndg9I,355,Bekhorot 53a-b: The Locked Door: A Theological Thriller of the Animal Tithe
53b,video,NotebookLM,https://youtu.be/gd3mEk2SZmc,356,Bekhorot 53b: Overlapping Obligations
53b,video,NotebookLM,https://youtu.be/fMLg59Enpms,357,Bekhorot 53b: Asset Law & The Tithe
53b,video,NotebookLM,https://youtu.be/UzfUCFSA3rM,358,Bekhorot 53b-54b: Separation in Tithing
54a,video,NotebookLM,https://youtu.be/UzfUCFSA3rM,358,Bekhorot 53b-54b: Separation in Tithing
54a,audio,Rabbi Simon Wolf,https://shiurim.yutorah.net/2019/14945/926249.MP3?redirect=download.yutorah.org,,
54b,video,NotebookLM,https://youtu.be/UzfUCFSA3rM,358,Bekhorot 53b-54b: Separation in Tithing
54b,video,NotebookLM,https://youtu.be/ubaFxgcBO18,359,Bekhorot 54b: How Distance Defines a Flock
54b,video,NotebookLM,https://youtu.be/Re4jlmGoVok,360,Bekhorot 54b: The Visual Limit of the Animal Tithe
54b,video,NotebookLM,https://youtu.be/ryG8P876BA8,361,Bekhorot 54b-55a: The Thirty-Two Mil Stress Test
55a,video,NotebookLM,https://youtu.be/ryG8P876BA8,361,Bekhorot 54b-55a: The Thirty-Two Mil Stress Test
55a,video,NotebookLM,https://youtu.be/tnWG3FcS-8Q,362,Bekhorot 55a: The Jordan River Partition
55a,video,NotebookLM,https://youtu.be/Hc5rTt4o9Tg,363,Bekhorot 55a-b: Ancient Hydrology & Law
55a,audio,Rabbi Aryeh Lebowitz,https://shiurim.yutorah.net/2019/1109/926277.MP3?redirect=download.yutorah.org,,
55b,video,NotebookLM,https://youtu.be/Hc5rTt4o9Tg,363,Bekhorot 55a-b: Ancient Hydrology & Law
55b,video,NotebookLM,https://youtu.be/lbobFK1deiM,364,Bekhorot 55b: How the Animal Tithe Exempts Outside Acquisitions
55b,video,NotebookLM,https://youtu.be/fEm7A5oldZ0,365,Bekhorot 55b-56b: The Purchased Fetus Paradox
56a,video,NotebookLM,https://youtu.be/fEm7A5oldZ0,365,Bekhorot 55b-56b: The Purchased Fetus Paradox
56a,audio,Rabbi Aryeh Lebowitz,https://shiurim.yutorah.net/2019/1109/926359.MP3?redirect=download.yutorah.org,,
56b,video,NotebookLM,https://youtu.be/fEm7A5oldZ0,365,Bekhorot 55b-56b: The Purchased Fetus Paradox
56b,video,NotebookLM,https://youtu.be/iOgEb7hfSYs,366,Bekhorot 56b: How Dividing an Inheritance Flips Your Taxes
56b,video,NotebookLM,https://youtu.be/lgEtHDxDz_g,367,Bekhorot 56b: Ownership & Animal Tithe
56b,video,NotebookLM,https://youtu.be/whFj7zOB0vg,368,Bekhorot 56b: Estate vs Partnership
56b,video,NotebookLM,https://youtu.be/xg2tL8vwP7U,369,Bekhorot 56b-57a: Inheritance vs Transaction
57a,video,NotebookLM,https://youtu.be/xg2tL8vwP7U,369,Bekhorot 56b-57a: Inheritance vs Transaction
57a,video,NotebookLM,https://youtu.be/D827pBWKr3s,370,Bekhorot 57a: Animal Tithe Exclusions
57a,video,NotebookLM,https://youtu.be/JyMaSZ9hBZI,371,Bekhorot 57a: How the Talmud Uses Verbal Analogies
57a,video,NotebookLM,https://youtu.be/0i93uMni_gc,372,Bekhorot 57a: The Animal Tithe Paradox
57a,video,NotebookLM,https://youtu.be/dkwGNEHdCLg,373,Bekhorot 57a-b: Law & Myth: Animal Tithes
57a,audio,Rabbi Aryeh Lebowitz,https://shiurim.yutorah.net/2019/1109/926443.MP3?redirect=download.yutorah.org,,
57b,video,NotebookLM,https://youtu.be/dkwGNEHdCLg,373,Bekhorot 57a-b: Law & Myth: Animal Tithes
57b,video,NotebookLM,https://youtu.be/3iZ70bsOmDg,374,Bekhorot 57b: The Animal Tithe
57b,video,NotebookLM,https://youtu.be/E9n44NPENZk,375,Bekhorot 57b-58a: Animal Tithe Economics
58a,video,NotebookLM,https://youtu.be/E9n44NPENZk,375,Bekhorot 57b-58a: Animal Tithe Economics
58a,video,NotebookLM,https://youtu.be/siz-XFkOBGI,376,Bekhorot 58a: Animal Tithe Logistics
58a,video,NotebookLM,https://youtu.be/5gPnVMduoTo,377,Bekhorot 58a: How the Ancient Calendar Separated Animal Flocks
58a,video,NotebookLM,https://youtu.be/lqPzM6hSpY0,378,Bekhorot 58a: The Scheduling Puzzle
58a,video,NotebookLM,https://youtu.be/53f0KBbfi8U,379,Bekhorot 58a-b: The Boundary Dilemma
58a,audio,Rabbi Aryeh Lebowitz,https://shiurim.yutorah.net/2019/1109/926540.MP3?redirect=download.yutorah.org,,
58b,video,NotebookLM,https://youtu.be/53f0KBbfi8U,379,Bekhorot 58a-b: The Boundary Dilemma
58b,video,NotebookLM,https://youtu.be/b72yg4Kcuyo,380,Bekhorot 58b: The Strict Mechanics of the Animal Tithe
58b,video,NotebookLM,https://youtu.be/ZlLteSOiHDg,381,Bekhorot 58b-59a: Animal Tithe Mechanics
59a,video,NotebookLM,https://youtu.be/ZlLteSOiHDg,381,Bekhorot 58b-59a: Animal Tithe Mechanics
59a,video,NotebookLM,https://youtu.be/dxEjqmiDMc4,382,Bekhorot 59a-b: Error & The Tithe
59a,audio,Rabbi Aryeh Lebowitz,https://shiurim.yutorah.net/2012/1109/768038.MP3?redirect=download.yutorah.org,,
59b,video,NotebookLM,https://youtu.be/dxEjqmiDMc4,382,Bekhorot 59a-b: Error & The Tithe
59b,video,NotebookLM,https://youtu.be/ckiD50u0TaA,383,Bekhorot 59b: Animal Tithe Exemption
59b,video,NotebookLM,https://youtu.be/Smr1Riu5Cns,384,Bekhorot 59b: The 14 Lambs Puzzle
59b,video,NotebookLM,https://youtu.be/ld3RfzAhd9k,385,Bekhorot 59b-60a: Fifteen Lamb Problem
60a,video,NotebookLM,https://youtu.be/ld3RfzAhd9k,385,Bekhorot 59b-60a: Fifteen Lamb Problem
60a,video,NotebookLM,https://youtu.be/PFfLOVHE8Qg,386,Bekhorot 60a: Miscounting Animal Tithe
60a,video,NotebookLM,https://youtu.be/K7CtttHLsSg,387,Bekhorot 60a: Intention vs Reality
60a,audio,Rabbi Aryeh Lebowitz,https://shiurim.yutorah.net/2019/1109/926602.MP3?redirect=download.yutorah.org,,
60b,video,NotebookLM,https://youtu.be/Quvvwkrbs24,388,Bekhorot 60b: Mechanics of Mistake
60b,video,NotebookLM,https://youtu.be/qtR09eYvMp8,389,Bekhorot 60b: Simultaneous Exit
60b,video,NotebookLM,https://youtu.be/gpJ5z71YfjI,390,Bekhorot 60b-61a: The Double Tithe
61a,video,NotebookLM,https://youtu.be/gpJ5z71YfjI,390,Bekhorot 60b-61a: The Double Tithe
61a,video,NotebookLM,https://youtu.be/uCvrYgNSQqQ,391,Bekhorot 61a: The Boundary of Legal Agency
61a,audio,Rabbi Aryeh Lebowitz,https://shiurim.yutorah.net/2019/1109/926639.MP3?redirect=download.yutorah.org,,
