Id,Label,HebrewLabel,EnglishLabel,EntityType,Generation,Degree,InDegree,OutDegree,WeightedDegree,Betweenness,PageRank,Community,Component
1570,Rabbi Yoḥanan,ר' יוחנן,Rabbi Yoḥanan,amora,2,85,,,1393,0.609364,0.05225,1,0
2582,Rava,רבא,Rava,amora,4,96,,,1314,0.419633,0.052038,0,0
2578,of Rav,רב,of Rav,amora,1,68,,,1166,0.187728,0.040007,1,0
2763,Shmuel,שמואל,Shmuel,amora,1,66,,,1081,0.05559,0.037416,1,0
1395,Rabbi Yehuda bar Rabbi Elai,Rabbi Yehuda bar Rabbi Ilai,Rabbi Yehuda bar Rabbi Elai,tanna,5,45,,,1215,0.079972,0.033706,2,0
121,Abaye,אביי,Abaye,amora,4,61,,,892,0.079592,0.033583,0,0
2068,Rabbi Meir,ר' מאיר,Rabbi Meir,tanna,5,40,,,935,0.343503,0.025561,2,0
2465,Rabbi Akiva,רבי עקיבא,Rabbi Akiva,tanna,4,40,,,612,0.112714,0.022307,3,0
2879,Rabbi Shimon ben Lakish,ר' שמעון בן לקיש,Rabbi Shimon ben Lakish,amora,2,50,,,590,0.053342,0.021641,1,0
571,Rav Ashi,רב אשי,Rav Ashi,amora,6,63,,,439,0.102887,0.019613,0,0
417,Rabbi Eliezer ben Hyrcanus,ר' אליעזר בן הורקנוס,Rabbi Eliezer ben Hyrcanus,tanna,3,48,,,533,0.16558,0.018408,3,0
2518,Rav Pappa,רב פפא,Rav Pappa,amora,5,51,,,409,0.091318,0.017838,0,0
1657,Rabbi Yosei,ר' יוסי,Rabbi Yosei,tanna,5,33,,,592,0.265571,0.016913,2,0
2830,Rabbi Shimon ben Yoḥai,ר' שמעון בן יוחאי,Rabbi Shimon ben Yoḥai,tanna,5,43,,,549,0.01515,0.0156,2,0
467,Rabbi Elazar ben Pedat,ר' אלעזר,Rabbi Elazar ben Pedat,amora,2,55,,,412,0.386832,0.015516,1,0
2581,Rabba bar Naḥmani,רבה בר נחמני,Rabba bar Naḥmani,amora,3,40,,,381,0.009038,0.014909,0,0
895,Rav Huna,רב הונא,Rav Huna,amora,2,48,,,364,0.052679,0.01438,0,0
1345,Rav Ḥisda,רב חסדא,Rav Ḥisda,amora,3,44,,,347,0.037611,0.01416,0,0
1508,Rabbi Yehuda HaNasi,רבי יהודה הנשיא,Rabbi Yehuda HaNasi,tanna,6,42,,,335,0.096633,0.014128,2,0
2285,Rav Naḥman bar Ya’akov,רב נחמן,Rav Naḥman bar Ya’akov,amora,3,44,,,351,0.030851,0.014122,0,0
1764,Rav Yosef,רב יוסף,Rav Yosef,amora,3,49,,,312,0.032266,0.013846,0,0
1527,Rabbi Yehoshua ben Ḥananya,ר' יהושע בן חנניה,Rabbi Yehoshua ben Ḥananya,tanna,2-3,19,,,372,0.030687,0.012542,3,0
1394,Rav Yehuda bar Yeḥezkel,רב יהודה,Rav Yehuda bar Yeḥezkel,amora,2,43,,,214,0.020994,0.009439,0,0
1979,Rabbi Yishmael ben Elisha,ר' ישמעאל,Rabbi Yishmael ben Elisha,tanna,4,27,,,224,0.020592,0.008575,3,0
2298,Rav Naḥman bar Yitzḥak,רב נחמן בר יצחק,Rav Naḥman bar Yitzḥak,amora,4,44,,,190,0.010348,0.00856,0,0
2938,Rav Sheshet,רב ששת,Rav Sheshet,amora,3,29,,,204,0.005182,0.008077,0,0
2409,Ulla,עולא,Ulla,amora,2-3,50,,,163,0.013602,0.007436,1,0
1885,Rabbi Yitzḥak bar Nappaḥa,ר' יצחק,Rabbi Yitzḥak bar Nappaḥa,amora,3,44,,,163,0.032891,0.007295,1,0
2646,Ravina I,רבינא (א),Ravina I,amora,5,28,,,124,0.050699,0.007245,0,0
2647,Ravina,רבינא (ב),Ravina,amora,6-7,37,,,123,0.03135,0.007161,0,0
1544,Rabbi Yehoshua ben Levi,ר' יהושע בן לוי,Rabbi Yehoshua ben Levi,amora,1ב,31,,,140,0.010348,0.006229,1,0
1212,Rabbi Ḥanina bar Ḥama,ר' חנינא בר חמא,Rabbi Ḥanina bar Ḥama,amora,1א,32,,,149,0.010199,0.006178,1,0
2852,Rabban Shimon ben Gamliel,רבן שמעון בן גמליאל,Rabban Shimon ben Gamliel,tanna,5,20,,,130,0.0155,0.005681,2,0
92,Rabbi Abbahu,ר׳ אבהו,Rabbi Abbahu,amora,3,36,,,120,0.007162,0.005297,1,0
1017,Rabbi Zeira,ר' זירא,Rabbi Zeira,amora,3,27,,,93,0.010452,0.004902,0,0
495,Rabbi Ami,ר' אמי,Rabbi Ami,amora,3,23,,,105,0.025074,0.004741,1,0
1075,Hezekiah,חזקיה (בן רבי חייא),Hezekiah,amora,1ב,21,,,118,0.005033,0.004717,1,0
1088,Rabbi Ḥiyya bar Rabbi,ר' חייא רבה,Rabbi Ḥiyya bar Rabbi,amora,1א,22,,,63,0.02092,0.004663,4,0
2330,Rabbi Natan,ר' נתן,Rabbi Natan,tanna,5-6,25,,,91,0.016096,0.004489,2,0
993,Rav Zevid,Rav Zevid,Rav Zevid,amora,5,17,,,84,0.015485,0.004429,0,0
534,Rabbi Asi,רב אסי,Rabbi Asi,amora,1,27,,,93,0.010348,0.004317,1,0
1695,Rabbi Yosei bar Rabbi Yehuda,ר' יוסי בר יהודה,Rabbi Yosei bar Rabbi Yehuda,tanna,6,13,,,101,0.005182,0.004061,2,0
2800,Rabbi Shmuel bar Rabbi Naḥmani,ר' שמואל בר נחמני,Rabbi Shmuel bar Rabbi Naḥmani,amora,3,19,,,71,0.026221,0.00402,1,0
1689,Rabbi Yosei bar Ḥanina,ר' יוסי בר חנינא,Rabbi Yosei bar Ḥanina,amora,2,23,,,101,0.00676,0.003972,1,0
1624,Rabbi Yonatan,ר' יונתן,Rabbi Yonatan,amora,1ב,19,,,79,0.010333,0.003941,7,0
867,Rav Dimi,רב דימי,Rav Dimi,amora,3-4,11,,,57,0.020369,0.003928,4,0
2586,רבה בר אבוה,רבה בר אבוה,,amora,2,22,,,46,0.020533,0.003676,1,0
1952,Rabbi Yirmeya bar Taḥlifa,ר' ירמיה,Rabbi Yirmeya bar Taḥlifa,amora,3-4,21,,,68,0.010348,0.003619,0,0
535,Rabbi Asi,ר' אסי,Rabbi Asi,amora,3,16,,,67,0.020056,0.003526,1,0
139,Ravin,רבין,Ravin,amora,3-4,12,,,50,0.005182,0.003467,4,0
478,Rabbi Elazar son of Rabbi Shimon,ר' אלעזר ברבי שמעון,Rabbi Elazar son of Rabbi Shimon,tanna,6,14,,,76,0.010333,0.003451,2,0
297,"Rav Aḥa, son of Rava",רב אחא בר רבא,"Rav Aḥa, son of Rava",amora,6,9,,,52,0.015366,0.003356,0,0
194,Rav Adda bar Ahava,רב אדא בר אהבה,Rav Adda bar Ahava,amora,2,18,,,71,0.005182,0.003311,1,0
2596,Rabba bar Rav Huna,רבה בר רב הונא,Rabba bar Rav Huna,amora,3,18,,,58,0.010348,0.003201,0,0
829,Rabban Gamliel,רבן גמליאל,Rabban Gamliel,tanna,3,11,,,95,0.0,0.003199,3,0
1091,Rabbi Ḥiyya bar Abba,R. Hiyya bar Abba,Rabbi Ḥiyya bar Abba,amora,3,20,,,46,0.010415,0.003194,1,0
1742,Rabbi Yosei HaGelili,ר' יוסי הגלילי,Rabbi Yosei HaGelili,tanna,4,10,,,84,0.0,0.003108,3,0
2161,Mar Zutra Ḥasida,מר זוטרא חסידא,Mar Zutra Ḥasida,amora,6,15,,,55,0.015396,0.003091,0,0
1814,"Rabbi Yannai, son",רבי ינאי,"Rabbi Yannai, son",amora,1ב,18,,,58,0.010333,0.003051,1,0
2594,Rabba bar bar Ḥanna,רבה בר בר חנה,Rabba bar bar Ḥanna,amora,3,16,,,51,0.030449,0.002954,4,0
239,Rabbi Oshaya,ר' אושעיא,Rabbi Oshaya,amora,1ב,18,,,57,0.005182,0.002925,1,0
2032,Levi,לוי בר סיסי,Levi,amora,1א,12,,,73,0.0,0.002833,1,0
1583,Rabban Yoḥanan ben Zakkai,רבן יוחנן בן זכאי,Rabban Yoḥanan ben Zakkai,tanna,2,7,,,12,0.011644,0.002832,6,0
1383,Rabbi Tarfon,ר' טרפון,Rabbi Tarfon,tanna,3-4,8,,,76,0.0,0.002751,3,0
1358,Rav Tavyumei,רב טביומי,Rav Tavyumei,amora,5,1,,,2,0.0,0.002717,11,1
2006,Rav Kahana IV,רב כהנא (ד),Rav Kahana IV,amora,5,1,,,2,0.0,0.002717,11,1
1447,Yehuda ben Tabbai,יהודה בן טבאי,Yehuda ben Tabbai,tanna,1,1,,,2,0.0,0.002717,12,2
2898,Shimon ben Shataḥ,שמעון בן שטח,Shimon ben Shataḥ,tanna,1,1,,,2,0.0,0.002717,12,2
1552,Yehoshua ben Peraḥya,יהושע בן פרחיה,Yehoshua ben Peraḥya,tanna,1,1,,,2,0.0,0.002717,13,3
2318,Nitai HaArbeli,נִיתַּאי הַאַרְבֵּלִי,Nitai HaArbeli,tanna,1,1,,,2,0.0,0.002717,13,3
1710,Rabbi Yosei ben Keifar,ר' יוסי בן כיפר,Rabbi Yosei ben Keifar,tanna,6,1,,,1,0.0,0.002717,14,4
859,Rabbi Dosettay Berabbi Yanay,רַבִּי דּוֹסְתַּאי בְּרַבִּי יַנַּאי,Rabbi Dosettay Berabbi Yanay,tanna,6,1,,,1,0.0,0.002717,14,4
1840,Rabbi Ya’akov bar Abba,ר' יעקב בר אבא,Rabbi Ya’akov bar Abba,amora,2,1,,,2,0.0,0.002717,15,5
2335,Rabbi Natan bar Abba,ר׳ נתן בר אבא [ב],Rabbi Natan bar Abba,amora,3,1,,,2,0.0,0.002717,15,5
2005,Rav Kahana III,רב כהנא (ג),Rav Kahana III,amora,3-4,1,,,2,0.0,0.002717,16,6
903,"Huna, son of Rav Ika",רב הונא בריה דרב איקא,"Huna, son of Rav Ika",amora,4,1,,,2,0.0,0.002717,16,6
206,Rav Adda bar Minyumi,רב אדא בר מניומי,Rav Adda bar Minyumi,amora,5,1,,,1,0.0,0.002717,17,7
941,"Huna Mar, son of Rav",הונא מר בריה דרב אידי,"Huna Mar, son of Rav",amora,6,1,,,1,0.0,0.002717,17,7
2155,Mar bar Ameymar,מר בר אמימר,Mar bar Ameymar,amora,6,1,,,4,0.0,0.002717,18,8
2158,Mar Bereyh Derav Yosef,מר בריה דרב יוסף,Mar Bereyh Derav Yosef,amora,5,1,,,4,0.0,0.002717,18,8
2758,Shamay Hazaken,שמאי הזקן,Shamay Hazaken,tanna,1,1,,,2,0.0,0.002717,19,9
965,הלל הזקן,הלל הזקן,,tanna,1,1,,,2,0.0,0.002717,19,9
286,Rav Aḥa bar Ya’akov,רב אחא בר יעקב,Rav Aḥa bar Ya’akov,amora,3,20,,,60,0.0,0.002691,0,0
918,"Huna, son of Rabbi Yehoshua",רב הונא בריה דרב יהושע,"Huna, son of Rabbi Yehoshua",amora,5,11,,,62,0.0,0.002675,0,0
1385,Rabbi Yoshiya I,ר׳ יאשיה,Rabbi Yoshiya I,tanna,5,8,,,48,3e-05,0.002555,7,0
6,Rabbi (א)Ba I,ר' אבא,Rabbi (א)Ba I,amora,2,21,,,41,0.010348,0.002551,0,0
1954,Rav Yirmeya bar Abba,רב ירמיה בר אבא,Rav Yirmeya bar Abba,amora,2,9,,,28,0.010348,0.002366,5,0
514,Ameimar,אמימר,Ameimar,amora,6,11,,,36,0.005182,0.002265,0,0
977,Rav Hamnuna,רב המנונא ב׳,Rav Hamnuna,amora,2,15,,,45,1.5e-05,0.002247,0,0
465,Rabbi Elazar ben Azarya,ר' אלעזר בן עזריה,Rabbi Elazar ben Azarya,tanna,3,11,,,49,0.001936,0.002154,3,0
2533,Rav Pappi,רב פפי,Rav Pappi,amora,5,10,,,39,0.005167,0.002098,0,0
2744,"Rav Sheisha, i.e., Rav Sheshet",רב שישא בריה דרב אידי,"Rav Sheisha, i.e., Rav Sheshet",amora,4-5,15,,,34,0.005182,0.002093,0,0
1423,Rabbi Yehuda ben Beteira,ר' יהודה בן בתירא,Rabbi Yehuda ben Beteira,tanna,2,13,,,25,0.010348,0.002069,3,0
1690,Abba Yosei ben Ḥanan,אבא יוסי,Abba Yosei ben Ḥanan,tanna,2,2,,,2,0.005182,0.002059,3,0
1832,Rabbi Ya’akov,ר' יעקב,Rabbi Ya’akov,amora,3,12,,,45,0.005182,0.002037,2,0
2266,Rabbi Neḥemya,ר' נחמיה,Rabbi Neḥemya,tanna,5,10,,,56,0.0,0.001923,2,0
2846,רבי שמעון בן אלעזר,רבי שמעון בן אלעזר,,tanna,6,16,,,45,0.0,0.001916,2,0
1043,Ze’eiri,Zeiri,Ze’eiri,amora,1-2,15,,,41,0.0,0.0019,1,0
1663,Rabbi Yosei bar Avin,ר' יוסי בר אבין,Rabbi Yosei bar Avin,amora,3-4,4,,,11,0.005182,0.001887,5,0
2888,Shimon ben Azzai,שמעון בן עזאי,Shimon ben Azzai,tanna,4,14,,,44,0.0,0.001878,2,0
140,Rabbi Avin,ר' אבין,Rabbi Avin,amora,3,7,,,11,0.001742,0.001871,5,0
2896,Rabbi Shimon bar Rabbi,ר' שמעון בר רבי,Rabbi Shimon bar Rabbi,amora,1א,3,,,23,0.0,0.001798,4,0
270,רב אחא בריה דרב איקא,רב אחא בריה דרב איקא,,amora,5,8,,,29,0.0,0.001737,0,0
2174,Rav Mari,רב מרי [א],Rav Mari,amora,3,10,,,23,0.005182,0.001728,0,0
2156,Mar bar Rav Ashey,מר בר רב אשי,Mar bar Rav Ashey,amora,7,13,,,21,0.005182,0.001677,0,0
2237,Neharde’a,נְהַרְדָּעֵי,Neharde’a,amora,,12,,,32,0.0,0.001658,0,0
451,Rabbi Eliezer ben Ykv II,רַבִּי אֱלִיעֶזֶר בֶּן יעקב ב׳,Rabbi Eliezer ben Ykv II,tanna,5,9,,,32,0.005182,0.001637,2,0
1013,Rabbi Zivay,ר' זיואי,Rabbi Zivay,tanna,6,2,,,4,0.005182,0.001581,8,0
1556,Rabbi Yehoshua ben Korḥa,ר' יהושע בן קרחה,Rabbi Yehoshua ben Korḥa,tanna,5,15,,,30,0.0,0.001549,2,0
2618,Rabba bar Ulla,רבה בר עולא,Rabba bar Ulla,amora,4,7,,,28,0.0,0.001548,0,0
1022,Rabbi Zakkai,ר' זכאי,Rabbi Zakkai,amora,2,2,,,3,0.005182,0.001545,10,0
485,Rabbi Elazar HaKappar,בר קפרא,Rabbi Elazar HaKappar,amora,1א,12,,,29,0.0,0.001528,1,0
2891,Rabbi Shimon ben Pazi,ר' סימון,Rabbi Shimon ben Pazi,amora,3,6,,,17,0.005182,0.001528,0,0
2681,Rami bar Ḥama,רמי בר חמא,Rami bar Ḥama,amora,3-4,9,,,23,0.005182,0.001457,0,0
296,רב אחא בר רב,רב אחא בר רב,,amora,7,2,,,2,0.005182,0.001432,0,0
2206,Rav Mesharshiyya,רב משרשיא,Rav Mesharshiyya,amora,5,7,,,25,0.0,0.00136,0,0
256,Rabbi Acha I,ר׳ אחא התנא,Rabbi Acha I,tanna,6,5,,,9,0.010333,0.001351,8,0
1127,Rav Ḥiyya bar Rav Mattana,חייא בר רב,Rav Ḥiyya bar Rav Mattana,amora,2,8,,,27,0.0,0.001324,0,0
453,Rabbi Elazar ben Yitzḥak of Kefar Darom,רַבִּי אֶלְעָזָר בֶּן יִצְחָק אִישׁ כְּפַר דָּרוֹם,Rabbi Elazar ben Yitzḥak of Kefar Darom,tanna,4,2,,,2,0.010333,0.001324,3,0
2164,"Mar Zutra, son of Rav",מר זוטרא בריה דרב מרי,"Mar Zutra, son of Rav",amora,6-7,3,,,7,0.010333,0.001317,0,0
2684,Rami bar Yeḥezkel,רמי בר יחזקאל,Rami bar Yeḥezkel,amora,2,4,,,6,3e-05,0.001298,9,0
2671,Rav Rechumi II,רב רחומי (ב),Rav Rechumi II,amora,6-7,1,,,1,0.0,0.001291,3,0
1901,Rav Yitzechak bar/Devey Rabbi Ami,ר' יצחק בר אמי,Rav Yitzechak bar/Devey Rabbi Ami,amora,4,2,,,4,0.005182,0.001286,0,0
2698,Abba Shaul ben Ima Mireyam,אַבָּא שָׁאוּל בֶּן אִימָּא מִרְיָם,Abba Shaul ben Ima Mireyam,tanna,,1,,,2,0.0,0.001285,10,0
281,ר' אחא בר חנינא,ר' אחא בר חנינא,,amora,3,5,,,11,4.5e-05,0.001284,1,0
2368,Rabbi Simai,ר' סימאי,Rabbi Simai,amora,1א,4,,,13,0.0,0.001284,3,0
1684,Rabbi Yosei bar Zevida,ר' יוסי בר זבידא,Rabbi Yosei bar Zevida,amora,4,1,,,6,0.0,0.001283,5,0
2398,Rav Safra,רב ספרא,Rav Safra,amora,3-4,7,,,16,0.0,0.001257,4,0
2031,Rabbi Levi,ר' לוי,Rabbi Levi,amora,3,7,,,11,0.005182,0.001218,1,0
1242,Rabbi Ḥanina ben Gamliel,ר' חנינא בן גמליאל,Rabbi Ḥanina ben Gamliel,tanna,5,6,,,14,0.005182,0.00121,2,0
763,bar Padda,בר פדא,bar Padda,amora,1ב,7,,,21,0.0,0.001205,1,0
1593,Rabbi Yoḥanan ben Nuri,ר' יוחנן בן נורי,Rabbi Yoḥanan ben Nuri,tanna,4,4,,,25,0.0,0.001189,3,0
548,Isi ben Gur Arye,איסי בן גמליאל,Isi ben Gur Arye,tanna,5,3,,,6,0.005182,0.001183,0,0
1971,Rabbi Yeshevav,ר' ישבב,Rabbi Yeshevav,tanna,4,2,,,11,0.001489,0.001172,3,0
368,Rabbi Ile’a,ר׳ אלעאי האמורא,Rabbi Ile’a,amora,3,6,,,14,0.0,0.00113,0,0
2795,Rabbi Shmuel bar Rav Yitzḥak,רב שמואל בר רב יצחק,Rabbi Shmuel bar Rav Yitzḥak,amora,3,8,,,18,0.0,0.00113,1,0
2690,Rafram,רפרם,Rafram,amora,6,4,,,9,0.005092,0.001103,0,0
475,Rabbi Elazar bar Tzadok,ר' אלעזר בר צדוק,Rabbi Elazar bar Tzadok,tanna,3,7,,,13,0.005182,0.001093,2,0
851,Rabbi Dosa ben Harekinas,ר' דוסא בן הרכינס,Rabbi Dosa ben Harekinas,tanna,2,2,,,4,6e-05,0.001092,6,0
2934,Rav Sherevya,רב שרביא,Rav Sherevya,amora,5,7,,,12,0.0,0.001085,0,0
1015,Rabbi Zilai,ר' זילאי,Rabbi Zilai,tanna,6,1,,,2,0.0,0.001081,8,0
1716,Rabbi Yosei ben Nehorai,ר' יוסי בן נהוראי,Rabbi Yosei ben Nehorai,amora,1ב,3,,,3,0.005182,0.00108,0,0
1890,Rav Yitzḥak bar Avudimi,אבדימי,Rav Yitzḥak bar Avudimi,amora,3,5,,,18,0.0,0.001057,0,0
1922,Rabbi Yitzḥak bar Naḥmani,ר' יצחק בר נחמן,Rabbi Yitzḥak bar Naḥmani,amora,2-3,2,,,9,0.0,0.001057,0,0
1018,Rabbi Zeyra II,ר' זירא (ב),Rabbi Zeyra II,amora,4-5,6,,,13,0.0,0.001053,0,0
129,Avimi I,אבימי,Avimi I,amora,2,7,,,20,0.0,0.001035,1,0
1536,Rabbi Yehoshua ben Beteira,רַבִּי יְהוֹשֻׁעַ בֶּן בְּתֵירָא,Rabbi Yehoshua ben Beteira,tanna,3,4,,,6,0.005182,0.001029,3,0
17,Avuah diShmuel (Abba bar Abba),אבוה דשמואל,Avuah diShmuel (Abba bar Abba),amora,1א,9,,,19,0.0,0.001027,1,0
2198,Mareimar,מרימר,Mareimar,amora,6,7,,,13,0.0,0.00102,0,0
2648,Ravina III (bar Rav Huna),Ravina III son of Rav Huna,Ravina III (bar Rav Huna),amora,7,1,,,1,0.0,0.001017,0,0
2462,Akavya ben Mahalalel,עקביא בן מהללאל,Akavya ben Mahalalel,tanna,2,3,,,6,0.004482,0.000995,6,0
447,"Rabbi Eliezer, son of Rabbi Yosei HaGelili",רַבִּי אֱלִיעֶזֶר בְּנוֹ שֶׁל רַבִּי יוֹסֵי הַגְּלִילִי,"Rabbi Eliezer, son of Rabbi Yosei HaGelili",tanna,5,8,,,14,0.0,0.000988,2,0
1113,Rav Ḥiyya bar Yosef,רב חייא בר יוסף,Rav Ḥiyya bar Yosef,amora,2,6,,,17,0.0,0.000979,1,0
2225,Rav Mattana,רב מתנה,Rav Mattana,amora,4,8,,,14,0.0,0.000979,0,0
2885,Rabbi Shimon ben Nannas,ר' שמעון בן ננס,Rabbi Shimon ben Nannas,tanna,4,5,,,18,0.0,0.000966,3,0
2091,Rabbi Malokh,ר' מלוך,Rabbi Malokh,amora,3,1,,,2,0.0,0.000955,0,0
2556,Rav Ketina,רב קטינא,Rav Ketina,amora,2,8,,,14,0.0,0.000946,1,0
1176,Rabbi Ḥama bar Ḥanina,ר' חמא בר חנינא,Rabbi Ḥama bar Ḥanina,amora,3,8,,,15,0.0,0.000942,1,0
1275,Rabbi Ḥanina bar Pappa,ר' חנינא בר פפא,Rabbi Ḥanina bar Pappa,amora,3,2,,,6,0.0,0.00094,1,0
1772,Rav Yosef bar Ḥama,רב יוסף בר חמא,Rav Yosef bar Ḥama,amora,3,3,,,6,0.004981,0.000934,0,0
1237,Rabbi Ḥanina ben Antigonus,ר' חנינא בן אנטיגנוס,Rabbi Ḥanina ben Antigonus,tanna,2,6,,,17,0.0,0.000921,2,0
2143,Rav Menasheya bar Yiremeya Miggifetti,רב מנשיא בר ירמיה,Rav Menasheya bar Yiremeya Miggifetti,amora,2,2,,,4,6e-05,0.000911,9,0
913,Rav Huna bar Ḥinnana,רב הונא בר חיננא,Rav Huna bar Ḥinnana,amora,4,2,,,15,0.0,0.000909,0,0
911,רב הונא בר חייא,רב הונא בר חייא,,amora,2-3,2,,,8,0.0,0.000906,5,0
917,Rav Huna bar Yehuda,רב הונא בר יהודה,Rav Huna bar Yehuda,amora,4,3,,,8,0.0,0.000901,1,0
2160,Mar Bereyh Deravina,מר בריה דרבינא,Mar Bereyh Deravina,amora,4,6,,,11,0.0,0.000885,1,0
2224,Rav Mattana,רב מתנא א׳,Rav Mattana,amora,2,6,,,9,0.0,0.000881,0,0
2735,Rav Shimi bar Abaye,רב שימי בר אביי,Rav Shimi bar Abaye,amora,5,4,,,6,0.0,0.000871,0,0
1577,Rabbi Yoḥanan ben Beroka,ר' יוחנן בן ברוקה,Rabbi Yoḥanan ben Beroka,tanna,4,6,,,16,0.0,0.000868,2,0
1615,Rabbi Yona,ר' יונה,Rabbi Yona,amora,4,3,,,11,0.0,0.000863,0,0
1441,"Rabbi Yehuda, son of Rabbi",רַבִּי יְהוּדָה (בְּרֵהּ דְּרַבִּי חַיָּיא),"Rabbi Yehuda, son of Rabbi",amora,1ב,4,,,13,0.0,0.000855,1,0
2912,Shimon HaTimni,שמעון התימני,Shimon HaTimni,tanna,4,3,,,12,0.0,0.000844,3,0
850,Rabbi Dosa,ר' דוסא,Rabbi Dosa,amora,3,5,,,14,0.0,0.000835,2,0
2546,Rabbi Tzadok,ר' צדוק,Rabbi Tzadok,tanna,2-3,2,,,3,0.0,0.000834,6,0
1539,Rabbi Yehoshua ben Hyrcanus,ר׳ יהושע בן הורקנוס,Rabbi Yehoshua ben Hyrcanus,tanna,3,1,,,2,0.0,0.00081,6,0
634,ben Bukhri,בן בוכרי,ben Bukhri,tanna,2,1,,,2,0.0,0.00081,6,0
1102,Rav Ḥiyya bar Ashi,רב חייא בר אשי,Rav Ḥiyya bar Ashi,amora,2,4,,,6,0.00265,0.000809,1,0
600,Rav Beivai,רב ביבי,Rav Beivai,amora,4,5,,,11,0.0,0.000807,0,0
1608,Rabbi Yoḥanan HaSandlar,ר' יוחנן הסנדלר,Rabbi Yoḥanan HaSandlar,tanna,5,3,,,16,0.0,0.000807,2,0
2423,Mar/Rabbana Ukeva I,מר עוקבא,Mar/Rabbana Ukeva I,amora,2,6,,,10,0.0,0.000805,0,0
2186,"Mari, son of Rav Kahana",רב מרי בריה דרב כהנא,"Mari, son of Rav Kahana",amora,4,2,,,4,0.0,0.000796,5,0
1854,Rabbi Ya’akov bar Idi,ר' יעקב בר אידי,Rabbi Ya’akov bar Idi,amora,2-3,4,,,8,0.0,0.000792,1,0
881,Rav Dimi Minehareddea,רב דימי מנהרדעא,Rav Dimi Minehareddea,amora,4,7,,,11,0.0,0.000787,0,0
2788,Rav Shmuel bar Yehuda,רב שמואל בר יהודא,Rav Shmuel bar Yehuda,amora,3,2,,,6,0.0,0.000776,4,0
1046,Rabbi Zerika,ר׳ זריקא / זריקן,Rabbi Zerika,amora,3,3,,,4,0.0,0.000764,0,0
445,Rabbi Elazar bar Yosei,ר' אלעזר ברבי יוסי,Rabbi Elazar bar Yosei,tanna,6,4,,,8,0.0,0.000764,2,0
1235,Rav Chanina Bereyh Derav Ika,ר' חנינא בריה דרב איקא,Rav Chanina Bereyh Derav Ika,amora,5,3,,,8,0.0,0.00076,0,0
1915,Rav Yitzḥak bar Yosef,רבי יצחק בר יוסף,Rav Yitzḥak bar Yosef,amora,3-4,2,,,6,0.0,0.00076,4,0
1804,Rav Yeimar,רב יימר,Rav Yeimar,amora,6-7,5,,,7,0.0,0.000757,0,0
1986,ר' ישמעאל ברבי יוסי,ר' ישמעאל ברבי יוסי,,tanna,6,4,,,6,0.0,0.000756,4,0
484,Rabbi Elazar HaModa’i,ר' אלעזר המודעי,Rabbi Elazar HaModa’i,tanna,3,7,,,11,0.0,0.000747,3,0
545,Isi ben Menaḥem,איסי בן מנחם,Isi ben Menaḥem,tanna,5,1,,,2,0.0,0.000743,0,0
450,Rabbi Eliezer ben Ya’akov,ר' אליעזר בן יעקב,Rabbi Eliezer ben Ya’akov,tanna,2,6,,,10,0.0,0.000742,2,0
2084,Rabbi Meyasha,ר׳ מיישא,Rabbi Meyasha,amora,3-4,2,,,3,0.0,0.000735,5,0
2881,Rabbi Shimon ben Menasya,ר' שמעון בן מנסיא,Rabbi Shimon ben Menasya,tanna,6,6,,,9,0.0,0.000733,3,0
2075,Rabbi Mani,רבי מני,Rabbi Mani,tanna,6,2,,,3,0.0,0.000732,5,0
1094,Rabbi Ḥiyya bar Avin,ר' חייא בר אבין,Rabbi Ḥiyya bar Avin,amora,3,3,,,9,0.0,0.000731,0,0
1327,Rav Ḥanan bar Rava,רב חנן בר רבא,Rav Ḥanan bar Rava,amora,2,4,,,5,0.0,0.000728,1,0
1985,"Rabbi Yishmael, son of Rabbi Yoḥanan ben Beroka",רַבִּי יִשְׁמָעֵאל בְּנוֹ שֶׁל רַבִּי יוֹחָנָן בֶּן בְּרוֹקָה,"Rabbi Yishmael, son of Rabbi Yoḥanan ben Beroka",tanna,5,5,,,11,0.0,0.000726,2,0
820,Rav Giddel,רב גידל,Rav Giddel,amora,2,3,,,6,0.0,0.000726,0,0
1213,Rabbi Ḥanina,רב חנינא,Rabbi Ḥanina,amora,3,2,,,4,0.0,0.000717,0,0
1575,Rabbi Yoḥanan ben Arza,ר' יוחנן בן ארזא,Rabbi Yoḥanan ben Arza,amora,1ב,1,,,1,0.0,0.000714,0,0
43,Rabbi Abba bar Kahana,ר׳ אבא בר כהנא,Rabbi Abba bar Kahana,amora,3,6,,,9,0.0,0.000713,1,0
143,רבין בר רב אדא,רבין בר רב אדא,,amora,3,2,,,4,0.0,0.000709,0,0
2957,Rav Tachelifa bar Maereva,רב תחליפא בר מערבא,Rav Tachelifa bar Maereva,amora,3,2,,,6,0.0,0.000699,1,0
2923,Rav Shemaya,רב שמעיה,Rav Shemaya,amora,4,2,,,6,0.0,0.000697,0,0
1418,Rabbi Yehuda ben Bava,ר' יהודה בן בבא,Rabbi Yehuda ben Bava,tanna,4,3,,,7,0.0,0.000696,3,0
229,Rav Avya,רב אויא,Rav Avya,amora,4,4,,,8,0.0,0.000691,0,0
1913,"Rav Yitzḥak, son of Rav",רב יצחק בריה דרב יהודה,"Rav Yitzḥak, son of Rav",amora,3,4,,,7,0.0,0.00069,4,0
2231,Rabbi Nehorai,רַבִּי נְהוֹרַאי א׳,Rabbi Nehorai,tanna,5,6,,,8,0.0,0.000654,2,0
1965,Rav Yiremeya Middifetti,רב ירמיה מדיפתי,Rav Yiremeya Middifetti,amora,5,3,,,6,0.0,0.000651,0,0
1051,Rav Ḥaviva from Sura,רב חביבא מסורא דפרת,Rav Ḥaviva from Sura,amora,7,2,,,4,0.0,0.000649,0,0
2340,רב נחמן בר אושעיא,רב נחמן בר אושעיא,,amora,3,4,,,7,0.0,0.000636,0,0
2920,Rabbi Shimon ben Shezuri,ר׳ שמעון שזורי,Rabbi Shimon ben Shezuri,tanna,5,4,,,9,0.0,0.000633,2,0
47,Rabbi Abba bar Mammal,ר' אבא בר ממל,Rabbi Abba bar Mammal,amora,3,2,,,5,0.0,0.000632,0,0
2738,Rav Shimi bar Ḥizkiyya,שימי בר חייא,Rav Shimi bar Ḥizkiyya,amora,2,3,,,6,0.0,0.000632,0,0
1164,Rav Ḥama,רב חמא,Rav Ḥama,amora,5,4,,,5,0.0,0.000627,0,0
1293,"Rabbi Ḥanina, the deputy",ר' חנניה סגן הכהנים,"Rabbi Ḥanina, the deputy",tanna,2,4,,,8,0.0,0.000627,3,0
2361,Summakhos,סומכוס,Summakhos,tanna,6,4,,,6,0.0,0.000627,2,0
2720,Rabbi Sheila,ר' שילא,Rabbi Sheila,tanna,4,3,,,6,0.0,0.000627,3,0
2478,Rabbi Pedat,רבי פדת בנו של רבי אלעזר (בן פדת),Rabbi Pedat,amora,3-4,4,,,5,0.0,0.000624,1,0
2280,Neḥemya HaAmmassoni,נְחֶמְיָה הָעַמְסוֹנִי,Neḥemya HaAmmassoni,tanna,5,1,,,7,0.0,0.000624,3,0
369,Rabbi Elai ben Elazar,ר' אילעאי בן אלעזר,Rabbi Elai ben Elazar,amora,2,2,,,2,0.0,0.000621,9,0
899,Rav Huna bar Avin,רב הונא בר אבין,Rav Huna bar Avin,amora,4,4,,,5,0.0,0.000619,0,0
2637,from Parzakya,רבא מפרזקיא,from Parzakya,amora,6,1,,,4,0.0,0.000606,0,0
2445,Rav Amram,רב עמרם [א],Rav Amram,amora,2,3,,,6,0.0,0.000605,0,0
1214,Rabbi Chanina IV (Detzipporin),חנינא [ד] (דציפורין),Rabbi Chanina IV (Detzipporin),amora,5,2,,,4,0.0,0.000604,3,0
2696,Abba Shaul I,שאול,Abba Shaul I,tanna,5,4,,,8,0.0,0.000602,2,0
2041,Rabbi Levi bar Laḥma,ר' לוי בר חמא,Rabbi Levi bar Laḥma,amora,3,3,,,5,0.0,0.000597,1,0
2676,Rami bar Abba,רמי בר אבא,Rami bar Abba,amora,3,3,,,5,0.0,0.000594,0,0
2491,Peleimu,פלימו,Peleimu,tanna,6,2,,,3,0.0,0.000589,2,0
2260,Rabbi Neḥunya ben HaKana,ר' נחוניא בן הקנה,Rabbi Neḥunya ben HaKana,tanna,3,3,,,6,0.0,0.000587,1,0
124,Abaye bar Avin,אביי בר אבין,Abaye bar Avin,amora,4,3,,,5,0.0,0.000583,0,0
1106,"Ḥiyya, son of Rav Huna",R. Hiyya son of Rav Huna,"Ḥiyya, son of Rav Huna",amora,5,2,,,4,0.0,0.000581,0,0
2824,Rabbi Shamlai,ר׳ שמלאי,Rabbi Shamlai,amora,2,3,,,5,0.0,0.000575,3,0
322,ר' אחי בר' יאשיה,ר' אחי בר' יאשיה,,tanna,6,2,,,4,0.0,0.00057,7,0
2441,Rav Eina,רב עינא,Rav Eina,amora,2,1,,,4,0.0,0.000558,0,0
1932,Rav Yitzḥak bar Shmuel bar Marta,ר' יצחק בר שמואל בר מרתא,Rav Yitzḥak bar Shmuel bar Marta,amora,2,2,,,4,0.0,0.000556,1,0
1580,Rabbi Yoḥanan ben Dehavai,ר' יוחנן בן דהבאי,Rabbi Yoḥanan ben Dehavai,tanna,5,1,,,2,0.0,0.000554,2,0
2250,Naḥum HaMadi,נחום המדי,Naḥum HaMadi,tanna,2,1,,,1,0.0,0.000553,3,0
1677,Abba Yosei ben Dosai,אַבָּא יוֹסֵי בֶּן דּוֹסַאי,Abba Yosei ben Dosai,tanna,4,1,,,2,0.0,0.000551,5,0
265,Rav Aḥa bar Adda,רב אחא בר אדא,Rav Aḥa bar Adda,amora,3,2,,,4,0.0,0.000551,1,0
2296,Rav Naḥman bar Ya’akov: Our,רב נחמן בר רב חסדא,Rav Naḥman bar Ya’akov: Our,amora,4,2,,,3,0.0,0.00055,0,0
2222,Mattitya ben Shmuel,מת(ת)יא בֶּן שְׁמוּאֵל,Mattitya ben Shmuel,tanna,1,1,,,2,0.0,0.000548,3,0
1305,Rav Ḥanin,רבי חנין,Rav Ḥanin,amora,2,3,,,3,0.0,0.000547,1,0
371,Ilefa,אילפא,Ilefa,amora,2,2,,,4,0.0,0.000547,1,0
2406,Rav Avira,רב עוירא,Rav Avira,amora,5,2,,,3,0.0,0.000544,0,0
2453,Rav Anan,רב ענן,Rav Anan,amora,2,2,,,4,0.0,0.000544,0,0
2142,Rav Menashya bar Ya’akov,רב מנשיא בר יעקב,Rav Menashya bar Ya’akov,amora,3,1,,,2,0.0,0.000543,1,0
2653,רבינא בר שילא,רבינא בר שילא,,amora,2,1,,,2,0.0,0.000543,1,0
1290,Rav Chanina Misura,רַב חֲנִינָא מִסּוּרָא,Rav Chanina Misura,amora,6,1,,,2,0.0,0.000535,0,0
2625,Rava Bereyh Derabba bar Rav Huna,רבא בריה דרבה בר רב הונא,Rava Bereyh Derabba bar Rav Huna,amora,4,2,,,3,0.0,0.000535,0,0
856,Dosettay Avuh Derabbi Afetoriki,דּוֹסְתַּאי אֲבוּהּ דְּרַבִּי אַפְטוֹרִיקִי,Dosettay Avuh Derabbi Afetoriki,amora,1,1,,,2,0.0,0.000533,4,0
411,Rabbi Alexandri,ר' אלכסנדרי,Rabbi Alexandri,amora,2,2,,,4,0.0,0.000533,1,0
1198,Rabbi Ḥana bar Sha’ina,רַבִּי חָנָא בַּר שְׁאֵינָה/שֶׁאוּנָּא,Rabbi Ḥana bar Sha’ina,amora,4,1,,,2,0.0,0.000526,1,0
695,Rabbi Binyamin bar Yefet,ר' בנימין בר יפת,Rabbi Binyamin bar Yefet,amora,3,1,,,2,0.0,0.000526,1,0
723,bar Hadaya,בר הדיא,bar Hadaya,amora,3,1,,,2,0.0,0.000526,4,0
2980,Rabbi Tanechum bar Chanilay,חנילאי,Rabbi Tanechum bar Chanilay,amora,2,3,,,3,0.0,0.00052,2,0
2016,"Rav Kahana, son of Rav",רַב כָּהֲנָא בְּרֵיהּ דְּרַב נְחֶמְיָה,"Rav Kahana, son of Rav",amora,4,2,,,2,0.0,0.000518,0,0
1459,Rabbi Yehuda ben Lakish,ר' יהודה בן לקיש,Rabbi Yehuda ben Lakish,tanna,6,2,,,4,0.0,0.000515,3,0
477,Rabbi Elazar ben Shammua,ר׳ אלעזר בן שמוע,Rabbi Elazar ben Shammua,tanna,5,2,,,3,0.0,0.000515,2,0
2140,Rav Menashya bar Gadda,רב מנשיא בר גדא,Rav Menashya bar Gadda,amora,4,1,,,2,0.0,0.000513,0,0
255,Rav Aḥai,רב אחאי,Rav Aḥai,amora,8,2,,,3,0.0,0.000513,0,0
473,Rabbi Eleazar ben Pareta I,ר' אלעזר בן פרטא,Rabbi Eleazar ben Pareta I,tanna,4,2,,,3,0.0,0.000512,2,0
602,Rav Beivai bar Abaye,רב ביבי בר אביי,Rav Beivai bar Abaye,amora,5,2,,,3,0.0,0.000509,1,0
2502,"Rav Pineḥas, son of Rav",רב פנחס בריה דרב אמי,"Rav Pineḥas, son of Rav",amora,5,1,,,3,0.0,0.000509,0,0
1044,Zeeyri Middihavat,זעירי מדיהבת,Zeeyri Middihavat,amora,7,1,,,2,0.0,0.000507,0,0
2392,Rav Sama bar Rakta,רב סמא בר רקתא,Rav Sama bar Rakta,amora,7,1,,,2,0.0,0.000507,0,0
40,Rabbi Abba bar Ya’akov,ר' אבא בר יעקב,Rabbi Abba bar Ya’akov,amora,3,1,,,2,0.0,0.000506,4,0
2773,Rav Shmuel bar Pappa,רב שמואל בר אחא,Rav Shmuel bar Pappa,amora,5,1,,,2,0.0,0.000504,1,0
2969,Rabbi Tanḥum bar Ḥakhinai,ר' תנחום,Rabbi Tanḥum bar Ḥakhinai,amora,3,1,,,2,0.0,0.000504,1,0
1532,"Rav Yehoshua, son of Rav",רב יהושע בריה דרב אידי,"Rav Yehoshua, son of Rav",amora,5-6,1,,,2,0.0,0.000503,0,0
241,Rabbi Hoshaya,ר' הושעיא,Rabbi Hoshaya,amora,3,2,,,2,0.0,0.000502,4,0
51,Rabbi Abba bar Pappa,ר' אבא בר פפא,Rabbi Abba bar Pappa,amora,3,1,,,1,0.0,0.000502,1,0
2129,Rav Minyumi bar Ḥilkiya,רב מניומי בר חלקיה,Rav Minyumi bar Ḥilkiya,amora,3,1,,,2,0.0,0.000498,0,0
2742,Rav Shimi Minehareddea,רב שימי מנהרדעא,Rav Shimi Minehareddea,amora,4,1,,,2,0.0,0.000497,0,0
1775,Rav Yosef bar Minyumi,רב יוסף בר מניומי,Rav Yosef bar Minyumi,amora,4,1,,,2,0.0,0.000497,0,0
2534,Rabbi Pappeyas,רַבִּי פַּפְּיָיס,Rabbi Pappeyas,tanna,3,1,,,3,0.0,0.000496,3,0
2741,Rav Shimi Machozenaa,רב שימי מחוזנאה,Rav Shimi Machozenaa,amora,4,1,,,2,0.0,0.000495,1,0
1480,ר' יהודה בן בתירה,ר' יהודה בן בתירה,,tanna,4,3,,,3,0.0,0.000492,3,0
171,Rabbi Evyatar,ר' אביתר,Rabbi Evyatar,amora,3,1,,,2,0.0,0.000492,7,0
1634,רַבִּי יונתן בֶּן יוֹסֵי,רַבִּי יונתן בֶּן יוֹסֵי,,tanna,4,1,,,2,0.0,0.000491,2,0
1644,Yonatan HaKitoni,יוֹנָתָן הַקִּיטוֹנִי,Yonatan HaKitoni,amora,4,1,,,2,0.0,0.000491,2,0
1679,Rabbi Yosei ben Durmaskit,ר' יוסי בן דורמסקית,Rabbi Yosei ben Durmaskit,tanna,4,2,,,3,0.0,0.00049,1,0
682,ben Shelakot,בן שלקות,ben Shelakot,tanna,4,2,,,3,0.0,0.000487,2,0
787,Rav Beruna,רב ברונא,Rav Beruna,amora,2,1,,,2,0.0,0.000487,1,0
343,Rav Idi bar Avin I,רב אידי בר אבין,Rav Idi bar Avin I,amora,3-4,2,,,2,0.0,0.000487,0,0
2692,Rafram bar Pappa,רפרם בר פפא,Rafram bar Pappa,amora,4,1,,,2,0.0,0.000487,1,0
2952,Rav Taḥalifa bar Avdimi,רב תחליפא בר אבימי,Rav Taḥalifa bar Avdimi,amora,2,1,,,2,0.0,0.000487,1,0
1337,רב חנן מנהרדעא,רב חנן מנהרדעא,,amora,4,2,,,2,0.0,0.000485,0,0
577,Ashiyan bar Nadbakh,אַשְׁיָאן בַּר נַדְבָּךְ,Ashiyan bar Nadbakh,amora,2,1,,,2,0.0,0.000485,2,0
2845,Rabbi Shimon ben Elyakim,ר׳ שמעון בן אליקים,Rabbi Shimon ben Elyakim,amora,3,1,,,2,0.0,0.000485,1,0
1891,Rav Yitzḥak bar Avin,רַב יִצְחָק בַּר אָבִין,Rav Yitzḥak bar Avin,amora,3,1,,,2,0.0,0.000484,1,0
2212,"Rav Mesharshiyya, son of Rav",רב משרשיא בריה דרב חייא,"Rav Mesharshiyya, son of Rav",amora,6/7,1,,,2,0.0,0.000484,0,0
2903,Rabbi Shimon HeḤasid,ר' שמעון החסיד,Rabbi Shimon HeḤasid,tanna,4,1,,,2,0.0,0.000484,0,0
2724,Rabbi Sheila Ish Kefar Temarta,ר' שילא איש כפר תמרתא,Rabbi Sheila Ish Kefar Temarta,amora,2,1,,,2,0.0,0.000484,0,0
2391,Rav Sama Bereyh Derava,רב סמא בריה דרבא,Rav Sama Bereyh Derava,amora,7-8,1,,,2,0.0,0.000484,0,0
304,Rav Acha Middifetti,רב אחא מדיפתי,Rav Acha Middifetti,amora,7,1,,,2,0.0,0.000484,0,0
1101,Rav Ḥiyya bar Ami,ר' חייא בר אמי,Rav Ḥiyya bar Ami,amora,4,1,,,2,0.0,0.000483,0,0
2344,Rav Natan,רב נתן,Rav Natan,tanna,5,1,,,2,0.0,0.000483,0,0
1799,Rav Yeḥiel,רב יחיאל,Rav Yeḥiel,amora,3,1,,,2,0.0,0.000483,0,0
2007,Rav Kahana V,רב כהנא (ה),Rav Kahana V,amora,6,1,,,2,0.0,0.000483,1,0
973,"Hillel, son of Rabbi Shmuel bar Naḥmani",רַבִּי הִלֵּל בְּרֵיהּ דְּרַבִּי שְׁמוּאֵל בַּר נַחְמָנִי,"Hillel, son of Rabbi Shmuel bar Naḥmani",amora,4,1,,,2,0.0,0.000483,0,0
2139,Rav Menashe,רב מנשה,Rav Menashe,amora,3,1,,,2,0.0,0.000483,0,0
1512,Rav Yehuda Middisekaretta,רב יהודה מדיסקרתא,Rav Yehuda Middisekaretta,amora,4,1,,,2,0.0,0.000482,0,0
1555,Rabbi Yehoshua ben Kefusai,ר' יהושע בן קפוסאי,Rabbi Yehoshua ben Kefusai,tanna,5,1,,,2,0.0,0.000482,2,0
1230,"Ḥananya, son of Rabbi Yehoshua",חנניה בן אחי רבי יהושע,"Ḥananya, son of Rabbi Yehoshua",tanna,4,2,,,2,0.0,0.000481,1,0
2003,Rav Kahana I,רב כהנא (א),Rav Kahana I,amora,1,2,,,2,0.0,0.00048,1,0
2221,Rabbi Matya ben Ḥarash,ר' מתיא בן חרש,Rabbi Matya ben Ḥarash,tanna,4/5,2,,,2,0.0,0.00048,2,0
1409,רַבִּי יְהוּדָה בֶּן אַגְרָא,רַבִּי יְהוּדָה בֶּן אַגְרָא,,tanna,5,1,,,2,0.0,0.000479,2,0
471,Rabbi Elazar ben Yirmeya,ר' אלעזר בן פנחס,Rabbi Elazar ben Yirmeya,tanna,5,1,,,1,0.0,0.000478,3,0
2977,Rabbi Tanechum Bereyh Derabbi Chiyya Ish Kefar Akko,רַבִּי תַּנְחוּם בְּרֵיהּ דְּרַבִּי חִיָּיא אִישׁ כְּפַר עַכּוֹ,Rabbi Tanechum Bereyh Derabbi Chiyya Ish Kefar Akko,amora,3,1,,,2,0.0,0.000477,0,0
2865,Rabbi Shimeon ben Y(ה)Vtzdk,ר' שמעון בן יהוצדק,Rabbi Shimeon ben Y(ה)Vtzdk,amora,1א,2,,,2,0.0,0.000477,1,0
1392,Mar Yehuda,מר יהודה,Mar Yehuda,amora,3,1,,,2,0.0,0.000476,0,0
66,Abba Mari Reysh Galuta,אבא מרי ריש גלותא,Abba Mari Reysh Galuta,amora,4,1,,,2,0.0,0.000476,0,0
2579,רב בר שבא,רב בר שבא,,amora,5,1,,,2,0.0,0.000476,0,0
205,"Adda, son of Rav Yitzḥak",רב אדא בריה דרב יצחק,"Adda, son of Rav Yitzḥak",amora,4,1,,,2,0.0,0.000475,0,0
2781,Rav Shmuel bar Bisna,רב שמואל בר ביסנא,Rav Shmuel bar Bisna,amora,4,1,,,2,0.0,0.000475,0,0
99,of Rabbi Avin,אֲבוּהּ דְּרַבִּי אָבִין,of Rabbi Avin,amora,3,1,,,2,0.0,0.000475,0,0
312,Rav Aḥadevoi bar Ami,רב אחדבוי בר אמי,Rav Aḥadevoi bar Ami,amora,3,1,,,2,0.0,0.000475,0,0
2627,Rabba bar Rav Sheila,רבה בר שילא,Rabba bar Rav Sheila,amora,4,1,,,2,0.0,0.000474,0,0
434,(Rabbi) Eleazar ben Dama,ר' אלעזר בן דמא,(Rabbi) Eleazar ben Dama,tanna,4,1,,,2,0.0,0.000473,3,0
2913,Rabbi Shimon Ḥasida,ר' שמעון חסידא,Rabbi Shimon Ḥasida,amora,2,1,,,2,0.0,0.000472,0,0
1354,Rabbi Tavi,ר' טבי,Rabbi Tavi,amora,3,1,,,2,0.0,0.000472,1,0
691,Rabbi Binyamin,ר' בנימין,Rabbi Binyamin,tanna,5,1,,,2,0.0,0.000472,1,0
2688,Rami bar Shmuel,רמי בר שמואל,Rami bar Shmuel,amora,3,1,,,1,0.0,0.000471,4,0
2429,רב עוקבא בר חמא,רב עוקבא בר חמא,,amora,4,1,,,2,0.0,0.000471,1,0
449,Rabbi Eleazar Berabbi Yanay,רַבִּי אֶלְעָזָר בְּרַבִּי יַנַּאי,Rabbi Eleazar Berabbi Yanay,amora,1ב,1,,,2,0.0,0.000471,1,0
2839,רב שמן בר אבא,רב שמן בר אבא,,amora,3,1,,,2,0.0,0.000471,1,0
2941,Rabbi Tadai,ר' תדאי,Rabbi Tadai,amora,2,1,,,2,0.0,0.000471,1,0
1463,Rabbi Yehuda bar Maereva,רַבִּי יְהוּדָה בַּר מַעְרְבָא,Rabbi Yehuda bar Maereva,amora,3,1,,,2,0.0,0.00047,1,0
1493,"Yehuda, son of Rabbi Shimon ben Pazi",ר' יהודה בן פזי,"Yehuda, son of Rabbi Shimon ben Pazi",amora,4,1,,,2,0.0,0.00047,1,0
1745,Rabbi Yosey Hakkohen I,ר' יוסי הכהן,Rabbi Yosey Hakkohen I,tanna,3,1,,,2,0.0,0.00047,3,0
1428,Rabbi Yehuda ben Gadish,ר׳ יהודה בן גדיש,Rabbi Yehuda ben Gadish,tanna,2,1,,,2,0.0,0.000466,3,0
1507,Rabbi Yehuda Hanachettom,ר' יהודה הנחתום,Rabbi Yehuda Hanachettom,tanna,4,1,,,2,0.0,0.000466,1,0
2111,Rabbi Menachem Berabbi Yosey,ר' מנחם ברבי יוסי,Rabbi Menachem Berabbi Yosey,tanna,6,1,,,2,0.0,0.000466,1,0
2448,Rav Amram Ḥasida,רב עמרם חסידא,Rav Amram Ḥasida,amora,3,1,,,2,0.0,0.000466,1,0
527,Rabbi Anani bar Sason,ר' ענני בר ששון,Rabbi Anani bar Sason,amora,3,1,,,2,0.0,0.000466,1,0
2643,רבין/רביא בר קיסי,רבין/רביא בר קיסי,,amora,5,1,,,2,0.0,0.000466,1,0
2657,Rabbenai,רבנאי,Rabbenai,amora,2,1,,,2,0.0,0.000466,1,0
2157,Mar bar Chiyya,מר בר חייא,Mar bar Chiyya,amora,6,1,,,1,0.0,0.000461,0,0
207,Rav Adda bar Mattana,רב אדא בר מתנא,Rav Adda bar Mattana,amora,4-5,1,,,1,0.0,0.000457,0,0
31,Rabbi Abba bar Zavda,ר' בא בר זבדא,Rabbi Abba bar Zavda,amora,2-3,1,,,1,0.0,0.000457,0,0
2854,Rabban Shimon ben Gamliel,ר' שמעון בן הסגן,Rabban Shimon ben Gamliel,tanna,4,1,,,2,0.0,0.000455,2,0
2716,Rav Sheizevi,רב שיזבי,Rav Sheizevi,amora,4,1,,,1,0.0,0.000455,0,0
1178,ר' חמא בר יוסי,ר' חמא בר יוסי,,amora,2,1,,,1,0.0,0.000452,1,0
489,Rabbi Elazar ben Ḥasma,ר' אלעזר חסמא,Rabbi Elazar ben Ḥasma,tanna,4,1,,,1,0.0,0.000451,2,0
1306,Rabbi Ḥanan,ר' חנן,Rabbi Ḥanan,amora,1א,1,,,1,0.0,0.000445,0,0
1467,Yehuda ben Nekosa,יהודה בן נקוסא,Yehuda ben Nekosa,tanna,6,1,,,1,0.0,0.000445,2,0
2508,Rabbi Pineḥas ben Ya’ir,ר׳ פנחס בן יאיר,Rabbi Pineḥas ben Ya’ir,tanna,,1,,,1,0.0,0.000445,1,0
1592,Rabbi Yochanan ben Mateya,רַבִּי יוֹחָנָן בֶּן מַתְיָא,Rabbi Yochanan ben Mateya,tanna,5,1,,,1,0.0,0.000445,2,0
1797,Rav Yeḥezkel,רב יחזקאל,Rav Yeḥezkel,amora,1,1,,,1,0.0,0.000445,0,0
858,Rabbi Dostai ben Yehuda,דוסתאי,Rabbi Dostai ben Yehuda,tanna,6,1,,,1,0.0,0.000443,2,0
2124,Rabbi Manni bar Pattish,ר׳ מני בר פטיש,Rabbi Manni bar Pattish,amora,2,1,,,1,0.0,0.000441,0,0
926,Rav Hvn(א) Bereh Derav Nchmn,רב הונא בריה דרב נחמן,Rav Hvn(א) Bereh Derav Nchmn,amora,4,1,,,1,0.0,0.000441,0,0
2685,Ramey Bereyh Derav Yeyva,רמי בריה דרב ייבא,Ramey Bereyh Derav Yeyva,amora,3,1,,,1,0.0,0.000441,0,0
1160,Rav Ḥilkiya bar Tovi,רב חלקיה בר טובי,Rav Ḥilkiya bar Tovi,amora,2,1,,,1,0.0,0.00044,1,0
1146,Rabbi Ḥelbo,ר' חלבו,Rabbi Ḥelbo,amora,3-4,1,,,1,0.0,0.000439,1,0
1889,Rabbi Yitzechak bar Aveddimi I (Rubba),ר' יצחק בר אבדימי,Rabbi Yitzechak bar Aveddimi I (Rubba),amora,1ב,1,,,1,0.0,0.000439,1,0
1819,"Yannai, son of Rabbi Yishmael",רַבִּי יַנַּאי בְּרֵיהּ דְּרַבִּי יִשְׁמָעֵאל,"Yannai, son of Rabbi Yishmael",amora,3,1,,,1,0.0,0.000439,1,0
2631,Rabba bar Shmuel,רבא בר שמואל,Rabba bar Shmuel,amora,3,1,,,1,0.0,0.000439,1,0
173,Ablet,אבלט,Ablet,amora,1,1,,,1,0.0,0.000437,1,0
842,Geneiva,גניבא,Geneiva,amora,3,1,,,1,0.0,0.000437,1,0
426,Rabbi Elazar ben Antigonus,ר' אלעזר בן אנטיגנוס,Rabbi Elazar ben Antigonus,amora,2,1,,,1,0.0,0.000437,1,0
2864,"Rabbi Shimon ben Yehuda, of the village",רַבִּי שִׁמְעוֹן בֶּן יְהוּדָה אִישׁ כְּפַר עַכּוֹ,"Rabbi Shimon ben Yehuda, of the village",tanna,6,1,,,1,0.0,0.000436,3,0
1210,Chananeya (Achi Rav Shemuel bar Idi),חֲנַנְיָא (אֲחִי רַב שְׁמוּאֵל בַּר אִידִי),Chananeya (Achi Rav Shemuel bar Idi),amora,5,1,,,1,0.0,0.000432,2,0
2856,Shimon ben Zoma,שמעון בן זומא,Shimon ben Zoma,tanna,4,1,,,1,0.0,0.000431,2,0
1432,Rabbi Yehuda ben Gamliel,רַבִּי יְהוּדָה בֶּן גַּמְלִיאֵל,Rabbi Yehuda ben Gamliel,tanna,5,1,,,1,0.0,0.000431,2,0
